,$mon,$osd,$driver,$worker,$read,$write,$container,$object,$size,$<op-write
0,0.0,0.07692,1.0,0.09677,0.1,0.9,0.0,0.0,0.0,0.11747
1,0.0,0.0,0.33333,0.22581,0.75,0.25,0.0,0.0,0.0,0.12758
2,0.0,0.23077,1.0,0.22581,0.25,0.75,0.0,0.0,0.0,0.21889
3,0.0,1.0,0.33333,0.03226,0.75,0.25,0.0,0.0,0.0,0.07633
4,0.0,0.0,0.33333,0.03226,0.5,0.5,0.0,0.0,0.0,0.07811
5,0.0,0.0,0.0,0.03226,0.9,0.1,0.0,0.0,0.0,0.06371
6,0.0,0.0,1.0,0.22581,0.1,0.9,0.0,0.0,0.0,0.23289
7,0.0,0.23077,1.0,0.09677,0.25,0.75,0.0,0.0,0.0,0.11931
8,0.0,1.0,0.0,0.22581,0.25,0.75,0.0,0.0,0.0,0.20485
9,0.0,0.07692,1.0,1.0,0.75,0.25,0.0,0.0,0.0,0.57716
10,0.0,1.0,0.0,0.03226,0.9,0.1,0.0,0.0,0.0,0.07777
11,0.0,0.15385,0.33333,0.09677,0.5,0.5,0.0,0.0,0.0,0.10844
12,0.0,0.23077,1.0,0.09677,0.1,0.9,0.0,0.0,0.0,0.12186
13,0.0,0.0,0.33333,0.09677,0.75,0.25,0.0,0.0,0.0,0.09285
14,0.0,0.15385,0.0,0.22581,0.9,0.1,0.0,0.0,0.0,0.09672
15,0.0,0.07692,0.0,0.09677,0.0,1.0,0.0,0.0,0.0,0.11628
16,0.0,1.0,1.0,1.0,0.1,0.9,0.0,0.0,0.0,0.922
17,0.0,0.07692,0.33333,0.22581,0.9,0.1,0.0,0.0,0.0,0.11693
18,0.0,0.0,0.0,0.0,0.5,0.5,0.0,0.0,0.0,0.06615
19,0.0,0.61538,0.0,0.0,1.0,0.0,0.0,0.0,0.0,0.0
20,0.0,0.15385,1.0,0.22581,0.75,0.25,0.0,0.0,0.0,0.14957
21,0.0,0.07692,1.0,0.48387,0.9,0.1,0.0,0.0,0.0,0.17433
22,0.0,0.15385,1.0,0.22581,0.0,1.0,0.0,0.0,0.0,0.23035
23,0.0,1.0,1.0,1.0,0.75,0.25,0.0,0.0,0.0,0.73442
24,0.0,0.0,1.0,0.22581,0.0,1.0,0.0,0.0,0.0,0.2486
25,0.0,0.23077,1.0,0.48387,1.0,0.0,0.0,0.0,0.0,0.0
26,0.0,0.61538,0.33333,0.48387,1.0,0.0,0.0,0.0,0.0,0.0
27,0.0,0.15385,0.33333,0.48387,0.0,1.0,0.0,0.0,0.0,0.44442
28,0.0,0.23077,0.33333,0.09677,0.9,0.1,0.0,0.0,0.0,0.07723
29,0.0,0.61538,0.0,0.22581,0.9,0.1,0.0,0.0,0.0,0.09083
30,0.0,1.0,0.0,0.09677,0.0,1.0,0.0,0.0,0.0,0.12954
31,0.0,1.0,1.0,0.09677,0.9,0.1,0.0,0.0,0.0,0.08399
32,0.0,0.61538,0.33333,0.48387,0.0,1.0,0.0,0.0,0.0,0.44868
33,0.0,0.07692,0.0,0.03226,0.1,0.9,0.0,0.0,0.0,0.08626
34,0.0,0.61538,0.33333,0.03226,0.9,0.1,0.0,0.0,0.0,0.07565
35,0.0,0.61538,1.0,0.09677,0.25,0.75,0.0,0.0,0.0,0.12489
36,0.0,0.61538,0.33333,0.48387,0.5,0.5,0.0,0.0,0.0,0.39013
37,0.0,0.07692,1.0,0.48387,0.75,0.25,0.0,0.0,0.0,0.31507
38,0.0,0.23077,1.0,0.48387,0.9,0.1,0.0,0.0,0.0,0.19716
39,0.0,0.23077,0.0,0.03226,0.5,0.5,0.0,0.0,0.0,0.07855
40,0.0,0.23077,0.0,0.09677,0.1,0.9,0.0,0.0,0.0,0.12229
41,0.0,0.61538,1.0,0.22581,0.1,0.9,0.0,0.0,0.0,0.21702
42,0.0,0.23077,0.33333,0.22581,0.0,1.0,0.0,0.0,0.0,0.22667
43,0.0,0.0,0.0,0.03226,1.0,0.0,0.0,0.0,0.0,0.0
44,0.0,1.0,0.0,0.03226,1.0,0.0,0.0,0.0,0.0,0.0
45,0.0,0.23077,1.0,1.0,0.0,1.0,0.0,0.0,0.0,0.88898
46,0.0,0.0,1.0,1.0,0.9,0.1,0.0,0.0,0.0,0.2937
47,0.0,0.07692,0.33333,0.03226,0.5,0.5,0.0,0.0,0.0,0.08174
48,0.0,0.07692,0.33333,0.09677,1.0,0.0,0.0,0.0,0.0,0.0
49,0.0,0.0,1.0,1.0,0.0,1.0,0.0,0.0,0.0,1.0
50,0.0,0.15385,0.33333,0.03226,0.25,0.75,0.0,0.0,0.0,0.0849
51,0.0,0.07692,0.0,0.0,0.1,0.9,0.0,0.0,0.0,0.07091
52,0.0,0.07692,0.33333,0.22581,0.1,0.9,0.0,0.0,0.0,0.21849
53,0.0,1.0,1.0,0.22581,0.9,0.1,0.0,0.0,0.0,0.09371
54,0.0,0.07692,0.33333,0.03226,0.25,0.75,0.0,0.0,0.0,0.0833
55,0.0,0.15385,0.0,0.03226,0.1,0.9,0.0,0.0,0.0,0.08669
56,0.0,0.61538,0.0,0.09677,0.25,0.75,0.0,0.0,0.0,0.11904
57,0.0,0.15385,0.33333,0.09677,0.0,1.0,0.0,0.0,0.0,0.12218
58,0.0,0.23077,1.0,0.22581,0.75,0.25,0.0,0.0,0.0,0.15487
59,0.0,0.07692,1.0,1.0,0.9,0.1,0.0,0.0,0.0,0.31202
60,0.0,0.07692,0.0,0.03226,0.5,0.5,0.0,0.0,0.0,0.08124
61,0.0,0.23077,0.33333,0.09677,0.75,0.25,0.0,0.0,0.0,0.10112
62,0.0,0.0,0.33333,0.22581,0.1,0.9,0.0,0.0,0.0,0.23387
63,0.0,0.0,0.33333,0.09677,0.25,0.75,0.0,0.0,0.0,0.10327
64,0.0,0.07692,0.33333,0.09677,0.25,0.75,0.0,0.0,0.0,0.11491
65,0.0,0.61538,0.0,0.03226,0.9,0.1,0.0,0.0,0.0,0.07608
66,0.0,0.07692,0.33333,0.03226,0.1,0.9,0.0,0.0,0.0,0.08163
67,0.0,0.0,1.0,0.09677,0.25,0.75,0.0,0.0,0.0,0.10696
68,0.0,0.0,0.0,0.03226,0.5,0.5,0.0,0.0,0.0,0.07725
69,0.0,0.15385,1.0,1.0,0.75,0.25,0.0,0.0,0.0,0.58992
70,0.0,0.61538,0.0,0.22581,0.75,0.25,0.0,0.0,0.0,0.13169
71,0.0,0.23077,0.33333,0.03226,0.0,1.0,0.0,0.0,0.0,0.08652
72,0.0,0.23077,1.0,0.22581,1.0,0.0,0.0,0.0,0.0,0.0
73,0.0,0.07692,0.0,0.22581,0.1,0.9,0.0,0.0,0.0,0.21032
74,0.0,0.23077,0.33333,0.48387,0.75,0.25,0.0,0.0,0.0,0.32287
75,0.0,0.0,1.0,0.48387,0.1,0.9,0.0,0.0,0.0,0.47189
76,0.0,0.61538,0.33333,0.22581,0.1,0.9,0.0,0.0,0.0,0.22677
77,0.0,0.15385,0.0,0.03226,1.0,0.0,0.0,0.0,0.0,0.0
78,0.0,0.0,0.0,0.09677,0.9,0.1,0.0,0.0,0.0,0.07761
79,0.0,0.61538,1.0,1.0,1.0,0.0,0.0,0.0,0.0,0.0
80,0.0,0.61538,0.33333,0.03226,0.75,0.25,0.0,0.0,0.0,0.07495
81,0.0,0.07692,0.0,0.03226,0.9,0.1,0.0,0.0,0.0,0.06869
82,0.0,0.23077,0.33333,0.09677,0.25,0.75,0.0,0.0,0.0,0.11748
83,0.0,0.23077,0.33333,0.22581,0.5,0.5,0.0,0.0,0.0,0.1904
84,0.0,0.07692,0.33333,0.48387,1.0,0.0,0.0,0.0,0.0,0.0
85,0.0,0.23077,0.33333,0.09677,0.5,0.5,0.0,0.0,0.0,0.11085
86,0.0,0.0,0.33333,0.03226,0.75,0.25,0.0,0.0,0.0,0.07316
87,0.0,0.0,0.33333,0.03226,0.0,1.0,0.0,0.0,0.0,0.08426
88,0.0,0.23077,1.0,0.09677,0.0,1.0,0.0,0.0,0.0,0.12293
89,0.0,0.07692,1.0,0.22581,0.25,0.75,0.0,0.0,0.0,0.20564
90,0.0,0.0,0.33333,0.09677,0.9,0.1,0.0,0.0,0.0,0.07832
91,0.0,0.23077,0.0,0.22581,0.75,0.25,0.0,0.0,0.0,0.14913
92,0.0,0.07692,0.33333,0.09677,0.75,0.25,0.0,0.0,0.0,0.09645
93,0.0,0.0,0.0,0.03226,0.25,0.75,0.0,0.0,0.0,0.08024
94,0.0,0.15385,0.33333,0.48387,0.5,0.5,0.0,0.0,0.0,0.37638
95,0.0,0.0,0.0,0.0,0.9,0.1,0.0,0.0,0.0,0.06691
96,0.0,0.07692,1.0,1.0,0.1,0.9,0.0,0.0,0.0,0.86941
97,0.0,0.15385,0.33333,0.48387,1.0,0.0,0.0,0.0,0.0,0.0
98,0.0,1.0,0.0,0.03226,0.5,0.5,0.0,0.0,0.0,0.0774
99,0.0,0.15385,0.33333,0.03226,0.0,1.0,0.0,0.0,0.0,0.08715
100,0.0,0.0,0.0,0.22581,0.5,0.5,0.0,0.0,0.0,0.24652
101,0.0,1.0,0.33333,0.22581,0.1,0.9,0.0,0.0,0.0,0.22112
102,0.0,0.61538,1.0,0.09677,0.9,0.1,0.0,0.0,0.0,0.07825
103,0.0,0.61538,0.0,0.22581,0.0,1.0,0.0,0.0,0.0,0.22443
104,0.0,0.15385,1.0,0.48387,0.9,0.1,0.0,0.0,0.0,0.21345
105,0.0,1.0,0.0,0.03226,0.25,0.75,0.0,0.0,0.0,0.08125
106,0.0,1.0,1.0,0.09677,0.1,0.9,0.0,0.0,0.0,0.13607
107,0.0,0.23077,1.0,1.0,0.75,0.25,0.0,0.0,0.0,0.64945
108,0.0,0.07692,1.0,0.09677,1.0,0.0,0.0,0.0,0.0,0.0
109,0.0,0.15385,0.0,0.09677,0.25,0.75,0.0,0.0,0.0,0.1144
110,0.0,0.0,1.0,0.22581,0.25,0.75,0.0,0.0,0.0,0.20814
111,0.0,0.61538,0.33333,0.22581,0.25,0.75,0.0,0.0,0.0,0.21165
112,0.0,0.15385,0.0,0.22581,0.25,0.75,0.0,0.0,0.0,0.20632
113,0.0,0.15385,0.0,0.22581,0.1,0.9,0.0,0.0,0.0,0.21497
114,0.0,0.61538,1.0,0.48387,0.1,0.9,0.0,0.0,0.0,0.43783
115,0.0,0.61538,0.33333,0.22581,0.9,0.1,0.0,0.0,0.0,0.11785
116,0.0,0.07692,0.0,0.03226,0.25,0.75,0.0,0.0,0.0,0.08111
117,0.0,0.15385,1.0,0.09677,0.25,0.75,0.0,0.0,0.0,0.11496
118,0.0,0.07692,0.33333,0.09677,0.9,0.1,0.0,0.0,0.0,0.08319
119,0.0,1.0,0.0,0.22581,0.9,0.1,0.0,0.0,0.0,0.08762
120,0.0,0.07692,0.0,0.03226,1.0,0.0,0.0,0.0,0.0,0.0
121,0.0,0.15385,0.0,0.0,0.1,0.9,0.0,0.0,0.0,0.0703
122,0.0,1.0,0.0,0.09677,0.5,0.5,0.0,0.0,0.0,0.09328
123,0.0,0.23077,0.0,0.22581,0.25,0.75,0.0,0.0,0.0,0.21319
124,0.0,0.23077,0.0,0.03226,0.0,1.0,0.0,0.0,0.0,0.08621
125,0.0,0.0,1.0,0.09677,0.1,0.9,0.0,0.0,0.0,0.11701
126,0.0,0.07692,0.33333,0.48387,0.75,0.25,0.0,0.0,0.0,0.27304
127,0.0,0.07692,0.0,0.09677,0.9,0.1,0.0,0.0,0.0,0.07486
128,0.0,0.15385,0.33333,0.48387,0.1,0.9,0.0,0.0,0.0,0.4377
129,0.0,0.61538,0.33333,0.09677,0.25,0.75,0.0,0.0,0.0,0.12157
130,0.0,0.15385,1.0,0.22581,0.1,0.9,0.0,0.0,0.0,0.21633
131,0.0,0.07692,0.33333,0.48387,0.0,1.0,0.0,0.0,0.0,0.44992
132,0.0,0.0,0.0,0.09677,0.75,0.25,0.0,0.0,0.0,0.0907
133,0.0,1.0,0.0,0.09677,0.1,0.9,0.0,0.0,0.0,0.12244
134,0.0,0.23077,0.0,0.22581,0.0,1.0,0.0,0.0,0.0,0.22722
135,0.0,0.15385,0.33333,0.22581,1.0,0.0,0.0,0.0,0.0,0.0
136,0.0,0.61538,0.0,0.09677,0.5,0.5,0.0,0.0,0.0,0.09588
137,0.0,0.07692,1.0,0.48387,0.0,1.0,0.0,0.0,0.0,0.44225
138,0.0,0.0,0.33333,0.22581,0.5,0.5,0.0,0.0,0.0,0.16418
139,0.0,0.61538,1.0,0.48387,0.9,0.1,0.0,0.0,0.0,0.22263
140,0.0,0.61538,1.0,0.09677,0.75,0.25,0.0,0.0,0.0,0.09025
141,0.0,0.23077,0.0,0.22581,0.1,0.9,0.0,0.0,0.0,0.22124
142,0.0,0.07692,0.33333,0.03226,0.75,0.25,0.0,0.0,0.0,0.07612
143,0.0,0.07692,1.0,1.0,1.0,0.0,0.0,0.0,0.0,0.0
144,0.0,0.61538,0.33333,0.22581,0.75,0.25,0.0,0.0,0.0,0.13476
145,0.0,1.0,0.33333,0.22581,0.0,1.0,0.0,0.0,0.0,0.23251
146,0.0,0.23077,1.0,1.0,0.9,0.1,0.0,0.0,0.0,0.42913
147,0.0,0.23077,0.0,0.0,0.0,1.0,0.0,0.0,0.0,0.07145
148,0.0,1.0,0.33333,0.03226,0.0,1.0,0.0,0.0,0.0,0.09431
149,0.0,0.15385,0.0,0.03226,0.9,0.1,0.0,0.0,0.0,0.06892
150,0.0,0.61538,0.33333,0.09677,0.5,0.5,0.0,0.0,0.0,0.10738
151,0.0,0.0,0.0,0.22581,1.0,0.0,0.0,0.0,0.0,0.0
152,0.0,1.0,1.0,1.0,1.0,0.0,0.0,0.0,0.0,0.0
153,0.0,0.15385,0.0,0.09677,0.75,0.25,0.0,0.0,0.0,0.09298
154,0.0,0.23077,0.33333,0.48387,1.0,0.0,0.0,0.0,0.0,0.0
155,0.0,0.61538,1.0,0.48387,0.25,0.75,0.0,0.0,0.0,0.43376
156,0.0,0.23077,1.0,1.0,0.25,0.75,0.0,0.0,0.0,0.86152
157,0.0,0.15385,1.0,0.09677,0.0,1.0,0.0,0.0,0.0,0.12113
158,0.0,1.0,0.0,0.22581,0.1,0.9,0.0,0.0,0.0,0.22176
159,0.0,0.15385,1.0,1.0,0.5,0.5,0.0,0.0,0.0,0.76046
160,0.0,0.61538,0.33333,0.03226,0.0,1.0,0.0,0.0,0.0,0.09398
161,0.0,0.0,1.0,0.09677,0.9,0.1,0.0,0.0,0.0,0.07922
162,0.0,0.61538,0.33333,0.48387,0.25,0.75,0.0,0.0,0.0,0.43524
163,0.0,0.15385,0.33333,0.03226,0.5,0.5,0.0,0.0,0.0,0.08288
164,0.0,1.0,1.0,1.0,0.9,0.1,0.0,0.0,0.0,0.48566
165,0.0,1.0,0.0,0.0,1.0,0.0,0.0,0.0,0.0,0.0
166,0.0,0.61538,0.0,0.03226,0.1,0.9,0.0,0.0,0.0,0.08853
167,0.0,0.07692,1.0,0.48387,1.0,0.0,0.0,0.0,0.0,0.0
168,0.0,0.07692,0.33333,0.03226,1.0,0.0,0.0,0.0,0.0,0.0
169,0.0,1.0,0.33333,0.22581,0.75,0.25,0.0,0.0,0.0,0.13803
170,0.0,0.15385,0.33333,0.09677,1.0,0.0,0.0,0.0,0.0,0.0
171,0.0,1.0,1.0,0.48387,0.0,1.0,0.0,0.0,0.0,0.45765
172,0.0,0.07692,0.33333,0.48387,0.1,0.9,0.0,0.0,0.0,0.44173
173,0.0,0.15385,0.33333,0.09677,0.25,0.75,0.0,0.0,0.0,0.11442
174,0.0,0.15385,0.0,0.09677,1.0,0.0,0.0,0.0,0.0,0.0
175,0.0,1.0,1.0,0.09677,0.25,0.75,0.0,0.0,0.0,0.12177
176,0.0,1.0,1.0,0.22581,0.25,0.75,0.0,0.0,0.0,0.20813
177,0.0,0.61538,1.0,0.22581,0.75,0.25,0.0,0.0,0.0,0.15097
178,0.0,0.23077,0.0,0.0,1.0,0.0,0.0,0.0,0.0,0.0
179,0.0,0.15385,0.0,0.0,0.5,0.5,0.0,0.0,0.0,0.06885
180,0.0,0.23077,1.0,0.22581,0.5,0.5,0.0,0.0,0.0,0.19179
181,0.0,0.0,0.0,0.09677,0.5,0.5,0.0,0.0,0.0,0.09742
182,0.0,0.0,0.0,0.09677,0.0,1.0,0.0,0.0,0.0,0.12392
183,0.0,0.15385,0.0,0.0,1.0,0.0,0.0,0.0,0.0,0.0
184,0.0,0.07692,1.0,1.0,0.5,0.5,0.0,0.0,0.0,0.71713
185,0.0,0.23077,0.33333,0.03226,0.1,0.9,0.0,0.0,0.0,0.08908
186,0.0,0.15385,0.33333,0.48387,0.75,0.25,0.0,0.0,0.0,0.29794
187,0.0,0.15385,0.0,0.22581,0.0,1.0,0.0,0.0,0.0,0.22393
188,0.0,0.0,0.0,0.0,0.1,0.9,0.0,0.0,0.0,0.06491
189,0.0,1.0,0.0,0.0,0.9,0.1,0.0,0.0,0.0,0.09611
190,0.0,0.23077,0.33333,0.22581,0.1,0.9,0.0,0.0,0.0,0.2251
191,0.0,0.0,0.33333,0.22581,0.0,1.0,0.0,0.0,0.0,0.24478
192,0.0,0.07692,0.0,0.0,0.5,0.5,0.0,0.0,0.0,0.06677
193,0.0,0.23077,0.33333,0.48387,0.0,1.0,0.0,0.0,0.0,0.45875
194,0.0,0.61538,0.0,0.03226,0.25,0.75,0.0,0.0,0.0,0.08316
195,0.0,0.61538,0.0,0.09677,0.75,0.25,0.0,0.0,0.0,0.08041
196,0.0,0.15385,0.33333,0.22581,0.0,1.0,0.0,0.0,0.0,0.22659
197,0.0,0.61538,0.0,0.09677,0.0,1.0,0.0,0.0,0.0,0.12967
198,0.0,1.0,1.0,0.22581,0.75,0.25,0.0,0.0,0.0,0.14654
199,0.0,0.15385,1.0,0.48387,0.1,0.9,0.0,0.0,0.0,0.43793
200,0.0,0.0,0.0,0.03226,0.75,0.25,0.0,0.0,0.0,0.07024
201,0.0,0.0,0.33333,0.03226,0.1,0.9,0.0,0.0,0.0,0.08049
202,0.0,0.07692,1.0,0.22581,0.1,0.9,0.0,0.0,0.0,0.21657
203,0.0,0.61538,1.0,1.0,0.5,0.5,0.0,0.0,0.0,0.85631
204,0.0,0.23077,0.0,0.09677,0.9,0.1,0.0,0.0,0.0,0.07428
205,0.0,1.0,0.33333,0.48387,0.75,0.25,0.0,0.0,0.0,0.30055
206,0.0,1.0,1.0,0.22581,0.5,0.5,0.0,0.0,0.0,0.18917
207,0.0,0.61538,1.0,0.22581,0.0,1.0,0.0,0.0,0.0,0.22319
208,0.0,0.23077,1.0,0.48387,0.25,0.75,0.0,0.0,0.0,0.42588
209,0.0,0.0,1.0,0.09677,0.0,1.0,0.0,0.0,0.0,0.12487
210,0.0,0.23077,1.0,1.0,0.5,0.5,0.0,0.0,0.0,0.78431
211,0.0,0.23077,0.33333,0.22581,0.25,0.75,0.0,0.0,0.0,0.21379
212,0.0,0.07692,0.0,0.0,0.25,0.75,0.0,0.0,0.0,0.06928
213,0.0,0.07692,1.0,0.48387,0.5,0.5,0.0,0.0,0.0,0.38663
214,0.0,1.0,0.33333,0.22581,0.25,0.75,0.0,0.0,0.0,0.21267
215,0.0,0.61538,0.0,0.03226,0.75,0.25,0.0,0.0,0.0,0.07565
216,0.0,0.07692,0.0,0.09677,1.0,0.0,0.0,0.0,0.0,0.0
217,0.0,0.23077,1.0,0.22581,0.1,0.9,0.0,0.0,0.0,0.2137
218,0.0,0.15385,0.0,0.0,0.25,0.75,0.0,0.0,0.0,0.07039
219,0.0,0.23077,0.0,0.03226,1.0,0.0,0.0,0.0,0.0,0.0
220,0.0,0.23077,0.0,0.03226,0.25,0.75,0.0,0.0,0.0,0.08449
221,0.0,0.61538,0.0,0.0,0.75,0.25,0.0,0.0,0.0,0.07157
222,0.0,1.0,0.0,0.0,0.1,0.9,0.0,0.0,0.0,0.07175
223,0.0,0.0,1.0,0.22581,0.9,0.1,0.0,0.0,0.0,0.1067
224,0.0,1.0,0.33333,0.09677,0.1,0.9,0.0,0.0,0.0,0.13029
225,0.0,0.61538,0.0,0.03226,0.5,0.5,0.0,0.0,0.0,0.07605
226,0.0,0.15385,1.0,0.48387,0.25,0.75,0.0,0.0,0.0,0.42543
227,0.0,0.0,0.0,0.03226,0.1,0.9,0.0,0.0,0.0,0.08089
228,0.0,0.23077,0.33333,0.09677,0.1,0.9,0.0,0.0,0.0,0.12096
229,0.0,0.61538,1.0,0.09677,0.0,1.0,0.0,0.0,0.0,0.13405
230,0.0,0.15385,1.0,1.0,1.0,0.0,0.0,0.0,0.0,0.0
231,0.0,0.61538,1.0,0.48387,1.0,0.0,0.0,0.0,0.0,0.0
232,0.0,0.15385,0.0,0.03226,0.0,1.0,0.0,0.0,0.0,0.08849
233,0.0,0.15385,0.0,0.03226,0.25,0.75,0.0,0.0,0.0,0.08582
234,0.0,0.15385,1.0,1.0,0.25,0.75,0.0,0.0,0.0,0.83111
235,0.0,0.61538,0.0,0.09677,0.1,0.9,0.0,0.0,0.0,0.12563
236,0.0,1.0,1.0,0.48387,0.75,0.25,0.0,0.0,0.0,0.31393
237,0.0,0.23077,1.0,0.22581,0.0,1.0,0.0,0.0,0.0,0.22841
238,0.0,1.0,0.0,0.22581,0.75,0.25,0.0,0.0,0.0,0.11555
239,0.0,0.15385,1.0,0.22581,0.9,0.1,0.0,0.0,0.0,0.11873
240,0.0,1.0,0.33333,0.48387,0.25,0.75,0.0,0.0,0.0,0.4799
241,0.0,0.0,0.0,0.0,0.25,0.75,0.0,0.0,0.0,0.06948
242,0.0,1.0,0.33333,0.03226,0.9,0.1,0.0,0.0,0.0,0.07551
243,0.0,0.0,0.0,0.0,0.0,1.0,0.0,0.0,0.0,0.06253
244,0.0,0.61538,0.33333,0.09677,0.1,0.9,0.0,0.0,0.0,0.12772
245,0.0,1.0,0.0,0.09677,0.75,0.25,0.0,0.0,0.0,0.08348
246,0.0,0.61538,1.0,0.22581,0.25,0.75,0.0,0.0,0.0,0.21404
247,0.0,1.0,0.0,0.0,0.75,0.25,0.0,0.0,0.0,0.07517
248,0.0,0.0,0.0,0.09677,1.0,0.0,0.0,0.0,0.0,0.0
249,0.0,0.23077,0.0,0.03226,0.9,0.1,0.0,0.0,0.0,0.06971
250,0.0,0.61538,1.0,1.0,0.1,0.9,0.0,0.0,0.0,0.90177
251,0.0,0.15385,0.33333,0.03226,0.1,0.9,0.0,0.0,0.0,0.08732
252,0.0,0.15385,1.0,0.48387,0.75,0.25,0.0,0.0,0.0,0.54454
253,0.0,0.07692,1.0,1.0,0.25,0.75,0.0,0.0,0.0,0.81734
254,0.0,1.0,0.0,0.22581,1.0,0.0,0.0,0.0,0.0,0.0
255,0.0,0.61538,1.0,1.0,0.25,0.75,0.0,0.0,0.0,0.88918
256,0.0,0.61538,0.33333,0.09677,0.9,0.1,0.0,0.0,0.0,0.07771
257,0.0,0.0,1.0,0.22581,0.5,0.5,0.0,0.0,0.0,0.17201
258,0.0,0.61538,0.0,0.0,0.25,0.75,0.0,0.0,0.0,0.07045
259,0.0,0.61538,1.0,0.22581,0.5,0.5,0.0,0.0,0.0,0.18955
260,0.0,1.0,0.33333,0.48387,0.0,1.0,0.0,0.0,0.0,0.45708
261,0.0,0.23077,0.33333,0.03226,0.75,0.25,0.0,0.0,0.0,0.07459
262,0.0,0.0,1.0,0.22581,0.75,0.25,0.0,0.0,0.0,0.14827
263,0.0,0.15385,1.0,0.48387,0.5,0.5,0.0,0.0,0.0,0.38908
264,0.0,0.07692,0.0,0.0,0.9,0.1,0.0,0.0,0.0,0.07037
265,0.0,0.61538,0.33333,0.22581,1.0,0.0,0.0,0.0,0.0,0.0
266,0.0,0.61538,0.33333,0.09677,0.0,1.0,0.0,0.0,0.0,0.13136
267,0.0,0.23077,1.0,0.48387,0.0,1.0,0.0,0.0,0.0,0.4486
268,0.0,1.0,0.33333,0.48387,0.1,0.9,0.0,0.0,0.0,0.43966
269,0.0,0.61538,0.0,0.22581,1.0,0.0,0.0,0.0,0.0,0.0
270,0.0,1.0,0.0,0.0,0.25,0.75,0.0,0.0,0.0,0.07127
271,0.0,0.07692,0.33333,0.09677,0.1,0.9,0.0,0.0,0.0,0.11527
272,0.0,0.61538,0.0,0.09677,0.9,0.1,0.0,0.0,0.0,0.07732
273,0.0,1.0,0.0,0.0,0.5,0.5,0.0,0.0,0.0,0.071
274,0.0,1.0,0.33333,0.03226,1.0,0.0,0.0,0.0,0.0,0.0
275,0.0,0.07692,0.33333,0.22581,0.5,0.5,0.0,0.0,0.0,0.17448
276,0.0,0.23077,0.33333,0.03226,0.5,0.5,0.0,0.0,0.0,0.08268
277,0.0,0.61538,0.33333,0.48387,0.9,0.1,0.0,0.0,0.0,0.19824
278,0.0,0.61538,0.0,0.0,0.0,1.0,0.0,0.0,0.0,0.07369
279,0.0,0.0,0.33333,0.09677,1.0,0.0,0.0,0.0,0.0,0.0
280,0.0,0.15385,0.0,0.03226,0.5,0.5,0.0,0.0,0.0,0.07951
281,0.0,0.15385,1.0,0.22581,1.0,0.0,0.0,0.0,0.0,0.0
282,0.0,0.0,1.0,0.22581,1.0,0.0,0.0,0.0,0.0,0.0
283,0.0,0.07692,0.0,0.03226,0.0,1.0,0.0,0.0,0.0,0.08974
284,0.0,1.0,0.33333,0.48387,0.5,0.5,0.0,0.0,0.0,0.40536
285,0.0,0.61538,0.0,0.0,0.1,0.9,0.0,0.0,0.0,0.07093
286,0.0,0.0,1.0,1.0,0.1,0.9,0.0,0.0,0.0,0.93175
287,0.0,0.07692,1.0,0.48387,0.25,0.75,0.0,0.0,0.0,0.41044
288,0.0,0.61538,0.33333,0.03226,0.1,0.9,0.0,0.0,0.0,0.08952
289,0.0,0.23077,0.33333,0.03226,0.9,0.1,0.0,0.0,0.0,0.07117
290,0.0,0.15385,0.33333,0.09677,0.9,0.1,0.0,0.0,0.0,0.07677
291,0.0,0.23077,0.0,0.09677,0.75,0.25,0.0,0.0,0.0,0.08926
292,0.0,1.0,1.0,0.48387,0.9,0.1,0.0,0.0,0.0,0.24721
293,0.0,0.15385,0.0,0.09677,0.5,0.5,0.0,0.0,0.0,0.10872
294,0.0,0.15385,0.33333,0.22581,0.5,0.5,0.0,0.0,0.0,0.18458
295,0.0,0.0,0.0,0.09677,0.25,0.75,0.0,0.0,0.0,0.10699
296,0.0,0.15385,0.33333,0.48387,0.9,0.1,0.0,0.0,0.0,0.16342
297,0.0,0.61538,0.0,0.09677,1.0,0.0,0.0,0.0,0.0,0.0
298,0.0,0.15385,0.33333,0.48387,0.25,0.75,0.0,0.0,0.0,0.42611
299,0.0,0.61538,0.0,0.0,0.5,0.5,0.0,0.0,0.0,0.07014
300,0.0,0.61538,1.0,1.0,0.0,1.0,0.0,0.0,0.0,0.91001
301,0.0,1.0,1.0,0.22581,0.0,1.0,0.0,0.0,0.0,0.22768
302,0.0,0.0,0.0,0.22581,0.9,0.1,0.0,0.0,0.0,0.11205
303,0.0,0.61538,0.33333,0.22581,0.0,1.0,0.0,0.0,0.0,0.22419
304,0.0,0.23077,0.0,0.0,0.5,0.5,0.0,0.0,0.0,0.06817
305,0.0,0.07692,0.0,0.09677,0.25,0.75,0.0,0.0,0.0,0.10741
306,0.0,1.0,0.33333,0.03226,0.5,0.5,0.0,0.0,0.0,0.08163
307,0.0,0.0,0.33333,0.03226,0.9,0.1,0.0,0.0,0.0,0.06618
308,0.0,1.0,0.0,0.09677,0.9,0.1,0.0,0.0,0.0,0.08127
309,0.0,0.07692,1.0,0.48387,0.1,0.9,0.0,0.0,0.0,0.4317
310,0.0,0.0,0.33333,0.22581,0.25,0.75,0.0,0.0,0.0,0.20679
311,0.0,0.07692,0.33333,0.22581,0.25,0.75,0.0,0.0,0.0,0.20689
312,0.0,0.15385,0.33333,0.22581,0.1,0.9,0.0,0.0,0.0,0.22589
313,0.0,0.23077,0.33333,0.09677,0.0,1.0,0.0,0.0,0.0,0.12135
314,0.0,0.0,0.0,0.0,0.75,0.25,0.0,0.0,0.0,0.06364
315,0.0,0.15385,1.0,1.0,0.0,1.0,0.0,0.0,0.0,0.88975
316,0.0,1.0,0.33333,0.09677,0.9,0.1,0.0,0.0,0.0,0.08019
317,0.0,0.0,1.0,0.48387,0.0,1.0,0.0,0.0,0.0,0.49816
318,0.0,0.15385,1.0,0.09677,0.1,0.9,0.0,0.0,0.0,0.11473
319,0.0,0.61538,0.33333,0.48387,0.75,0.25,0.0,0.0,0.0,0.28213
320,0.0,0.61538,0.0,0.03226,0.0,1.0,0.0,0.0,0.0,0.09268
321,0.0,0.07692,0.0,0.22581,0.0,1.0,0.0,0.0,0.0,0.22533
322,0.0,0.07692,0.0,0.0,1.0,0.0,0.0,0.0,0.0,0.0
323,0.0,0.61538,0.33333,0.22581,0.5,0.5,0.0,0.0,0.0,0.18807
324,0.0,0.15385,1.0,0.09677,0.5,0.5,0.0,0.0,0.0,0.1083
325,0.0,0.61538,1.0,0.09677,0.5,0.5,0.0,0.0,0.0,0.10802
326,0.0,1.0,0.0,0.03226,0.0,1.0,0.0,0.0,0.0,0.09052
327,0.0,1.0,0.0,0.03226,0.75,0.25,0.0,0.0,0.0,0.0771
328,0.0,0.15385,0.0,0.09677,0.1,0.9,0.0,0.0,0.0,0.11962
329,0.0,1.0,0.33333,0.03226,0.25,0.75,0.0,0.0,0.0,0.08789
330,0.0,1.0,0.33333,0.22581,0.5,0.5,0.0,0.0,0.0,0.19048
331,0.0,0.61538,1.0,1.0,0.9,0.1,0.0,0.0,0.0,0.45853
332,0.0,0.0,0.33333,0.09677,0.0,1.0,0.0,0.0,0.0,0.12825
333,0.0,0.23077,0.33333,0.22581,1.0,0.0,0.0,0.0,0.0,0.0
334,0.0,0.15385,0.33333,0.03226,0.75,0.25,0.0,0.0,0.0,0.07462
335,0.0,0.15385,0.33333,0.22581,0.25,0.75,0.0,0.0,0.0,0.24816
336,0.0,0.23077,0.33333,0.48387,0.5,0.5,0.0,0.0,0.0,0.40042
337,0.0,0.23077,1.0,0.48387,0.5,0.5,0.0,0.0,0.0,0.40553
338,0.0,0.23077,0.0,0.09677,0.0,1.0,0.0,0.0,0.0,0.12326
339,0.0,0.0,1.0,0.09677,1.0,0.0,0.0,0.0,0.0,0.0
340,0.0,0.15385,0.0,0.09677,0.0,1.0,0.0,0.0,0.0,0.12309
341,0.0,0.23077,1.0,1.0,1.0,0.0,0.0,0.0,0.0,0.0
342,0.0,0.23077,1.0,0.09677,0.5,0.5,0.0,0.0,0.0,0.11398
343,0.0,0.0,0.33333,0.48387,0.75,0.25,0.0,0.0,0.0,0.27712
344,0.0,0.07692,1.0,0.09677,0.0,1.0,0.0,0.0,0.0,0.11855
345,0.0,0.15385,0.0,0.03226,0.75,0.25,0.0,0.0,0.0,0.07188
346,0.0,0.0,0.33333,0.03226,1.0,0.0,0.0,0.0,0.0,0.0
347,0.0,0.61538,0.33333,0.03226,0.5,0.5,0.0,0.0,0.0,0.08129
348,0.0,1.0,1.0,1.0,0.25,0.75,0.0,0.0,0.0,0.90772
349,0.0,0.61538,0.33333,0.48387,0.1,0.9,0.0,0.0,0.0,0.44582
350,0.0,1.0,1.0,0.48387,0.5,0.5,0.0,0.0,0.0,0.41861
351,0.0,1.0,1.0,0.48387,0.25,0.75,0.0,0.0,0.0,0.43989
352,0.0,0.23077,0.0,0.0,0.1,0.9,0.0,0.0,0.0,0.07168
353,0.0,0.61538,0.33333,0.03226,1.0,0.0,0.0,0.0,0.0,0.0
354,0.0,0.15385,1.0,0.48387,0.0,1.0,0.0,0.0,0.0,0.4482
355,0.0,0.07692,0.0,0.09677,0.75,0.25,0.0,0.0,0.0,0.09082
356,0.0,0.0,0.0,0.0,1.0,0.0,0.0,0.0,0.0,0.0
357,0.0,0.23077,0.33333,0.48387,0.25,0.75,0.0,0.0,0.0,0.44708
358,0.0,0.07692,0.33333,0.48387,0.25,0.75,0.0,0.0,0.0,0.41906
359,0.0,0.23077,0.0,0.0,0.25,0.75,0.0,0.0,0.0,0.06959
360,0.0,0.0,1.0,1.0,0.5,0.5,0.0,0.0,0.0,0.7316
361,0.0,0.23077,1.0,0.48387,0.1,0.9,0.0,0.0,0.0,0.44032
362,0.0,0.23077,1.0,1.0,0.1,0.9,0.0,0.0,0.0,0.87455
363,0.0,0.07692,0.33333,0.09677,0.5,0.5,0.0,0.0,0.0,0.10573
364,0.0,0.07692,0.33333,0.48387,0.5,0.5,0.0,0.0,0.0,0.37989
365,0.0,0.23077,0.0,0.22581,0.9,0.1,0.0,0.0,0.0,0.09904
366,0.0,0.61538,1.0,0.48387,0.75,0.25,0.0,0.0,0.0,0.30451
367,0.0,1.0,1.0,0.22581,0.1,0.9,0.0,0.0,0.0,0.22645
368,0.0,0.23077,1.0,0.22581,0.9,0.1,0.0,0.0,0.0,0.1101
369,0.0,1.0,0.33333,0.09677,0.75,0.25,0.0,0.0,0.0,0.08948
370,0.0,0.61538,1.0,1.0,0.75,0.25,0.0,0.0,0.0,0.71777
371,0.0,1.0,1.0,0.48387,0.1,0.9,0.0,0.0,0.0,0.45301
372,0.0,0.61538,1.0,0.48387,0.0,1.0,0.0,0.0,0.0,0.45752
373,0.0,0.23077,1.0,0.09677,0.75,0.25,0.0,0.0,0.0,0.10264
374,0.0,1.0,1.0,0.22581,1.0,0.0,0.0,0.0,0.0,0.0
375,0.0,0.15385,1.0,1.0,0.9,0.1,0.0,0.0,0.0,0.39576
376,0.0,0.0,1.0,0.09677,0.75,0.25,0.0,0.0,0.0,0.09275
377,0.0,1.0,0.0,0.22581,0.5,0.5,0.0,0.0,0.0,0.17534
378,0.0,1.0,1.0,0.09677,0.5,0.5,0.0,0.0,0.0,0.11119
379,0.0,0.15385,0.33333,0.03226,1.0,0.0,0.0,0.0,0.0,0.0
380,0.0,1.0,0.33333,0.22581,1.0,0.0,0.0,0.0,0.0,0.0
381,0.0,0.07692,0.33333,0.22581,0.0,1.0,0.0,0.0,0.0,0.22431
382,0.0,0.61538,0.33333,0.03226,0.25,0.75,0.0,0.0,0.0,0.08669
383,0.0,0.61538,0.33333,0.09677,0.75,0.25,0.0,0.0,0.0,0.08635
384,0.0,0.61538,0.0,0.03226,1.0,0.0,0.0,0.0,0.0,0.0
385,0.0,0.0,0.33333,0.48387,0.0,1.0,0.0,0.0,0.0,0.49552
386,0.0,1.0,1.0,1.0,0.0,1.0,0.0,0.0,0.0,0.91014
387,0.0,0.15385,1.0,0.09677,0.75,0.25,0.0,0.0,0.0,0.1
388,0.0,0.07692,0.0,0.03226,0.75,0.25,0.0,0.0,0.0,0.07023
389,0.0,0.15385,0.33333,0.03226,0.9,0.1,0.0,0.0,0.0,0.07097
390,0.0,0.15385,0.0,0.0,0.9,0.1,0.0,0.0,0.0,0.06852
391,0.0,0.0,0.0,0.22581,0.1,0.9,0.0,0.0,0.0,0.23126
392,0.0,0.0,0.33333,0.48387,0.5,0.5,0.0,0.0,0.0,0.37316
393,0.0,0.15385,0.33333,0.09677,0.75,0.25,0.0,0.0,0.0,0.10055
394,0.0,0.0,1.0,0.48387,0.25,0.75,0.0,0.0,0.0,0.42926
395,0.0,0.07692,1.0,0.09677,0.75,0.25,0.0,0.0,0.0,0.09341
396,0.0,0.07692,0.0,0.22581,0.25,0.75,0.0,0.0,0.0,0.19294
397,0.0,0.23077,0.33333,0.22581,0.75,0.25,0.0,0.0,0.0,0.15593
398,0.0,0.23077,0.0,0.09677,0.5,0.5,0.0,0.0,0.0,0.10933
399,0.0,0.23077,1.0,0.09677,1.0,0.0,0.0,0.0,0.0,0.0
400,0.0,0.07692,0.33333,0.22581,0.75,0.25,0.0,0.0,0.0,0.14291
401,0.0,0.07692,0.0,0.09677,0.1,0.9,0.0,0.0,0.0,0.1141
402,0.0,0.15385,1.0,0.22581,0.25,0.75,0.0,0.0,0.0,0.21755
403,0.0,0.0,1.0,1.0,0.25,0.75,0.0,0.0,0.0,0.86577
404,0.0,1.0,0.0,0.09677,0.25,0.75,0.0,0.0,0.0,0.11309
405,0.0,0.15385,0.33333,0.22581,0.75,0.25,0.0,0.0,0.0,0.14722
406,0.0,0.0,1.0,1.0,1.0,0.0,0.0,0.0,0.0,0.0
407,0.0,0.61538,1.0,0.22581,0.9,0.1,0.0,0.0,0.0,0.09755
408,0.0,0.07692,0.33333,0.22581,1.0,0.0,0.0,0.0,0.0,0.0
409,0.0,0.61538,1.0,0.09677,1.0,0.0,0.0,0.0,0.0,0.0
410,0.0,1.0,0.33333,0.09677,0.0,1.0,0.0,0.0,0.0,0.1319
411,0.0,0.0,0.33333,0.22581,0.9,0.1,0.0,0.0,0.0,0.1068
412,0.0,1.0,0.33333,0.09677,0.5,0.5,0.0,0.0,0.0,0.1095
413,0.0,0.23077,0.0,0.22581,1.0,0.0,0.0,0.0,0.0,0.0
414,0.0,0.0,0.33333,0.09677,0.5,0.5,0.0,0.0,0.0,0.09893
415,0.0,0.15385,1.0,1.0,0.1,0.9,0.0,0.0,0.0,0.87566
416,0.0,0.15385,1.0,0.48387,1.0,0.0,0.0,0.0,0.0,0.0
417,0.0,1.0,0.0,0.22581,0.0,1.0,0.0,0.0,0.0,0.22677
418,0.0,0.23077,0.0,0.0,0.9,0.1,0.0,0.0,0.0,0.07383
419,0.0,0.23077,0.0,0.22581,0.5,0.5,0.0,0.0,0.0,0.18928
420,0.0,0.07692,1.0,0.22581,0.0,1.0,0.0,0.0,0.0,0.22667
421,0.0,0.15385,0.0,0.22581,0.5,0.5,0.0,0.0,0.0,0.182
422,0.0,0.61538,0.0,0.22581,0.5,0.5,0.0,0.0,0.0,0.17443
423,0.0,0.07692,0.0,0.22581,0.9,0.1,0.0,0.0,0.0,0.10106
424,0.0,0.0,1.0,0.48387,0.9,0.1,0.0,0.0,0.0,0.17996
425,0.0,1.0,0.0,0.03226,0.1,0.9,0.0,0.0,0.0,0.08563
426,0.0,0.23077,0.33333,0.22581,0.9,0.1,0.0,0.0,0.0,0.11154
427,0.0,0.0,0.33333,0.48387,0.9,0.1,0.0,0.0,0.0,0.1706
428,0.0,0.23077,0.0,0.03226,0.75,0.25,0.0,0.0,0.0,0.07387
429,0.0,0.07692,1.0,0.22581,0.9,0.1,0.0,0.0,0.0,0.11056
430,0.0,0.0,0.33333,0.09677,0.1,0.9,0.0,0.0,0.0,0.11802
431,0.0,0.23077,0.0,0.09677,0.25,0.75,0.0,0.0,0.0,0.11442
432,0.0,0.15385,0.0,0.0,0.75,0.25,0.0,0.0,0.0,0.06695
433,0.0,0.07692,1.0,0.09677,0.9,0.1,0.0,0.0,0.0,0.0813
434,0.0,0.0,0.0,0.22581,0.0,1.0,0.0,0.0,0.0,0.25417
435,0.0,0.07692,0.0,0.22581,0.5,0.5,0.0,0.0,0.0,0.17298
436,0.0,0.0,1.0,0.48387,0.5,0.5,0.0,0.0,0.0,0.36173
437,0.0,0.23077,1.0,0.09677,0.9,0.1,0.0,0.0,0.0,0.08237
438,0.0,0.15385,1.0,0.09677,1.0,0.0,0.0,0.0,0.0,0.0
439,0.0,0.23077,0.0,0.09677,1.0,0.0,0.0,0.0,0.0,0.0
440,0.0,0.0,0.0,0.03226,0.0,1.0,0.0,0.0,0.0,0.08325
441,0.0,0.07692,1.0,0.22581,1.0,0.0,0.0,0.0,0.0,0.0
442,0.0,0.07692,0.33333,0.48387,0.9,0.1,0.0,0.0,0.0,0.15668
443,0.0,0.23077,0.33333,0.48387,0.1,0.9,0.0,0.0,0.0,0.43818
444,0.0,0.23077,0.33333,0.03226,0.25,0.75,0.0,0.0,0.0,0.08687
445,0.0,0.15385,0.33333,0.09677,0.1,0.9,0.0,0.0,0.0,0.11782
446,0.0,1.0,0.33333,0.03226,0.1,0.9,0.0,0.0,0.0,0.09263
447,0.0,0.0,1.0,1.0,0.75,0.25,0.0,0.0,0.0,0.52478
448,0.0,0.07692,0.0,0.22581,0.75,0.25,0.0,0.0,0.0,0.12427
449,0.0,0.0,1.0,0.09677,0.5,0.5,0.0,0.0,0.0,0.10123
450,0.0,0.15385,1.0,0.09677,0.9,0.1,0.0,0.0,0.0,0.0824
451,0.0,1.0,1.0,1.0,0.5,0.5,0.0,0.0,0.0,0.87592
452,0.0,0.07692,0.0,0.0,0.75,0.25,0.0,0.0,0.0,0.06809
453,0.0,0.0,1.0,0.48387,0.75,0.25,0.0,0.0,0.0,0.2766
454,0.0,0.0,0.0,0.22581,0.75,0.25,0.0,0.0,0.0,0.92492
455,0.0,1.0,1.0,0.48387,1.0,0.0,0.0,0.0,0.0,0.0
456,0.0,0.23077,0.0,0.0,0.75,0.25,0.0,0.0,0.0,0.06756
457,0.0,0.07692,0.0,0.0,0.0,1.0,0.0,0.0,0.0,0.06984
458,0.0,0.23077,0.33333,0.48387,0.9,0.1,0.0,0.0,0.0,0.16009
459,0.0,0.15385,0.0,0.09677,0.9,0.1,0.0,0.0,0.0,0.0736
460,0.0,0.0,0.33333,0.48387,0.1,0.9,0.0,0.0,0.0,0.47313
461,0.0,0.07692,0.33333,0.09677,0.0,1.0,0.0,0.0,0.0,0.11856
462,0.0,0.15385,1.0,0.22581,0.5,0.5,0.0,0.0,0.0,0.18972
463,0.0,0.61538,0.33333,0.09677,1.0,0.0,0.0,0.0,0.0,0.0
464,0.0,0.07692,1.0,1.0,0.0,1.0,0.0,0.0,0.0,0.88409
465,0.0,0.15385,0.0,0.22581,0.75,0.25,0.0,0.0,0.0,0.13956
466,0.0,0.0,0.33333,0.03226,0.25,0.75,0.0,0.0,0.0,0.08112
467,0.0,0.07692,1.0,0.22581,0.75,0.25,0.0,0.0,0.0,0.1481
468,0.0,0.61538,1.0,0.09677,0.1,0.9,0.0,0.0,0.0,0.1315
469,0.0,1.0,0.33333,0.48387,0.9,0.1,0.0,0.0,0.0,0.14753
470,0.0,0.61538,0.0,0.22581,0.1,0.9,0.0,0.0,0.0,0.22648
471,0.0,1.0,0.33333,0.09677,1.0,0.0,0.0,0.0,0.0,0.0
472,0.0,0.15385,0.33333,0.22581,0.9,0.1,0.0,0.0,0.0,0.1148
473,0.0,1.0,1.0,0.09677,0.0,1.0,0.0,0.0,0.0,0.13684
474,0.0,0.61538,0.0,0.22581,0.25,0.75,0.0,0.0,0.0,0.2055
475,0.0,0.0,0.33333,0.48387,0.25,0.75,0.0,0.0,0.0,0.43195
476,0.0,1.0,1.0,0.09677,0.75,0.25,0.0,0.0,0.0,0.09323
477,0.0,1.0,0.0,0.0,0.0,1.0,0.0,0.0,0.0,0.07307
478,0.0,0.23077,1.0,0.48387,0.75,0.25,0.0,0.0,0.0,0.32583
479,0.0,0.0,0.33333,0.48387,1.0,0.0,0.0,0.0,0.0,0.0
480,0.0,0.61538,0.0,0.0,0.9,0.1,0.0,0.0,0.0,0.08429
481,0.0,1.0,1.0,0.09677,1.0,0.0,0.0,0.0,0.0,0.0
482,0.0,0.07692,1.0,0.22581,0.5,0.5,0.0,0.0,0.0,0.18595
483,0.0,0.15385,0.0,0.22581,1.0,0.0,0.0,0.0,0.0,0.0
484,0.0,0.23077,0.0,0.03226,0.1,0.9,0.0,0.0,0.0,0.08497
485,0.0,1.0,0.0,0.09677,1.0,0.0,0.0,0.0,0.0,0.0
486,0.0,0.07692,0.33333,0.03226,0.0,1.0,0.0,0.0,0.0,0.08494
487,0.0,0.07692,1.0,0.09677,0.5,0.5,0.0,0.0,0.0,0.10203
488,0.0,0.07692,0.33333,0.03226,0.9,0.1,0.0,0.0,0.0,0.06836
489,0.0,0.0,1.0,0.48387,1.0,0.0,0.0,0.0,0.0,0.0
490,0.0,0.07692,0.0,0.09677,0.5,0.5,0.0,0.0,0.0,0.09805
491,0.0,0.07692,0.0,0.22581,1.0,0.0,0.0,0.0,0.0,0.0
492,0.0,0.0,0.0,0.22581,0.25,0.75,0.0,0.0,0.0,0.20511
493,0.0,0.23077,0.33333,0.09677,1.0,0.0,0.0,0.0,0.0,0.0
494,0.0,0.07692,1.0,0.09677,0.25,0.75,0.0,0.0,0.0,0.11729
495,0.0,0.0,0.33333,0.22581,1.0,0.0,0.0,0.0,0.0,0.0
496,0.0,1.0,0.33333,0.09677,0.25,0.75,0.0,0.0,0.0,0.12133
497,0.0,0.61538,1.0,0.22581,1.0,0.0,0.0,0.0,0.0,0.0
498,0.0,0.61538,1.0,0.48387,0.5,0.5,0.0,0.0,0.0,0.41064
499,0.0,0.0,0.0,0.09677,0.1,0.9,0.0,0.0,0.0,0.11424
500,0.0,0.15385,0.0,0.0,0.0,1.0,0.0,0.0,0.0,0.07119
501,0.0,1.0,0.33333,0.22581,0.9,0.1,0.0,0.0,0.0,0.0947
502,0.0,0.23077,0.33333,0.03226,1.0,0.0,0.0,0.0,0.0,0.0
503,0.0,1.0,0.33333,0.48387,1.0,0.0,0.0,0.0,0.0,0.0
