,$mon,$osd,$driver,$worker,$read,$write,$container,$object,$size,$<op-read
0,0.0,0.07692,1.0,0.09677,0.1,0.9,0.0,0.0,0.0,0.00677
1,0.0,0.0,0.33333,0.22581,0.75,0.25,0.0,0.0,0.0,0.10249
2,0.0,0.23077,1.0,0.22581,0.25,0.75,0.0,0.0,0.0,0.02189
3,0.0,1.0,0.33333,0.03226,0.75,0.25,0.0,0.0,0.0,0.04497
4,0.0,0.0,0.33333,0.03226,0.5,0.5,0.0,0.0,0.0,0.02184
5,0.0,0.0,0.0,0.03226,0.9,0.1,0.0,0.0,0.0,0.04604
6,0.0,0.0,1.0,0.22581,0.1,0.9,0.0,0.0,0.0,0.00667
7,0.0,0.23077,1.0,0.09677,0.25,0.75,0.0,0.0,0.0,0.01974
8,0.0,1.0,0.0,0.22581,0.25,0.75,0.0,0.0,0.0,0.02173
9,0.0,0.07692,1.0,1.0,0.75,0.25,0.0,0.0,0.0,0.19671
10,0.0,1.0,0.0,0.03226,0.9,0.1,0.0,0.0,0.0,0.04509
11,0.0,0.15385,0.33333,0.09677,0.5,0.5,0.0,0.0,0.0,0.0523
12,0.0,0.23077,1.0,0.09677,0.1,0.9,0.0,0.0,0.0,0.0066
13,0.0,0.0,0.33333,0.09677,0.75,0.25,0.0,0.0,0.0,0.06317
14,0.0,0.15385,0.0,0.22581,0.9,0.1,0.0,0.0,0.0,0.21884
15,0.0,0.07692,0.0,0.09677,0.0,1.0,0.0,0.0,0.0,0.0
16,0.0,1.0,1.0,1.0,0.1,0.9,0.0,0.0,0.0,0.00717
17,0.0,0.07692,0.33333,0.22581,0.9,0.1,0.0,0.0,0.0,0.22685
18,0.0,0.0,0.0,0.0,0.5,0.5,0.0,0.0,0.0,0.01243
19,0.0,0.61538,0.0,0.0,1.0,0.0,0.0,0.0,0.0,0.01354
20,0.0,0.15385,1.0,0.22581,0.75,0.25,0.0,0.0,0.0,0.18508
21,0.0,0.07692,1.0,0.48387,0.9,0.1,0.0,0.0,0.0,0.4078
22,0.0,0.15385,1.0,0.22581,0.0,1.0,0.0,0.0,0.0,0.0
23,0.0,1.0,1.0,1.0,0.75,0.25,0.0,0.0,0.0,0.19419
24,0.0,0.0,1.0,0.22581,0.0,1.0,0.0,0.0,0.0,0.0
25,0.0,0.23077,1.0,0.48387,1.0,0.0,0.0,0.0,0.0,0.76723
26,0.0,0.61538,0.33333,0.48387,1.0,0.0,0.0,0.0,0.0,0.33457
27,0.0,0.15385,0.33333,0.48387,0.0,1.0,0.0,0.0,0.0,0.0
28,0.0,0.23077,0.33333,0.09677,0.9,0.1,0.0,0.0,0.0,0.18589
29,0.0,0.61538,0.0,0.22581,0.9,0.1,0.0,0.0,0.0,0.15659
30,0.0,1.0,0.0,0.09677,0.0,1.0,0.0,0.0,0.0,0.0
31,0.0,1.0,1.0,0.09677,0.9,0.1,0.0,0.0,0.0,0.13695
32,0.0,0.61538,0.33333,0.48387,0.0,1.0,0.0,0.0,0.0,0.0
33,0.0,0.07692,0.0,0.03226,0.1,0.9,0.0,0.0,0.0,0.0043
34,0.0,0.61538,0.33333,0.03226,0.9,0.1,0.0,0.0,0.0,0.0554
35,0.0,0.61538,1.0,0.09677,0.25,0.75,0.0,0.0,0.0,0.01784
36,0.0,0.61538,0.33333,0.48387,0.5,0.5,0.0,0.0,0.0,0.0667
37,0.0,0.07692,1.0,0.48387,0.75,0.25,0.0,0.0,0.0,0.19163
38,0.0,0.23077,1.0,0.48387,0.9,0.1,0.0,0.0,0.0,0.47762
39,0.0,0.23077,0.0,0.03226,0.5,0.5,0.0,0.0,0.0,0.02845
40,0.0,0.23077,0.0,0.09677,0.1,0.9,0.0,0.0,0.0,0.00664
41,0.0,0.61538,1.0,0.22581,0.1,0.9,0.0,0.0,0.0,0.0078
42,0.0,0.23077,0.33333,0.22581,0.0,1.0,0.0,0.0,0.0,0.0
43,0.0,0.0,0.0,0.03226,1.0,0.0,0.0,0.0,0.0,0.05637
44,0.0,1.0,0.0,0.03226,1.0,0.0,0.0,0.0,0.0,0.04878
45,0.0,0.23077,1.0,1.0,0.0,1.0,0.0,0.0,0.0,0.0
46,0.0,0.0,1.0,1.0,0.9,0.1,0.0,0.0,0.0,0.3103
47,0.0,0.07692,0.33333,0.03226,0.5,0.5,0.0,0.0,0.0,0.02603
48,0.0,0.07692,0.33333,0.09677,1.0,0.0,0.0,0.0,0.0,0.18052
49,0.0,0.0,1.0,1.0,0.0,1.0,0.0,0.0,0.0,0.0
50,0.0,0.15385,0.33333,0.03226,0.25,0.75,0.0,0.0,0.0,0.01259
51,0.0,0.07692,0.0,0.0,0.1,0.9,0.0,0.0,0.0,0.00253
52,0.0,0.07692,0.33333,0.22581,0.1,0.9,0.0,0.0,0.0,0.00786
53,0.0,1.0,1.0,0.22581,0.9,0.1,0.0,0.0,0.0,0.25203
54,0.0,0.07692,0.33333,0.03226,0.25,0.75,0.0,0.0,0.0,0.01165
55,0.0,0.15385,0.0,0.03226,0.1,0.9,0.0,0.0,0.0,0.00458
56,0.0,0.61538,0.0,0.09677,0.25,0.75,0.0,0.0,0.0,0.0162
57,0.0,0.15385,0.33333,0.09677,0.0,1.0,0.0,0.0,0.0,0.0
58,0.0,0.23077,1.0,0.22581,0.75,0.25,0.0,0.0,0.0,0.17722
59,0.0,0.07692,1.0,1.0,0.9,0.1,0.0,0.0,0.0,0.5618
60,0.0,0.07692,0.0,0.03226,0.5,0.5,0.0,0.0,0.0,0.02341
61,0.0,0.23077,0.33333,0.09677,0.75,0.25,0.0,0.0,0.0,0.11398
62,0.0,0.0,0.33333,0.22581,0.1,0.9,0.0,0.0,0.0,0.00677
63,0.0,0.0,0.33333,0.09677,0.25,0.75,0.0,0.0,0.0,0.01772
64,0.0,0.07692,0.33333,0.09677,0.25,0.75,0.0,0.0,0.0,0.01926
65,0.0,0.61538,0.0,0.03226,0.9,0.1,0.0,0.0,0.0,0.04278
66,0.0,0.07692,0.33333,0.03226,0.1,0.9,0.0,0.0,0.0,0.00484
67,0.0,0.0,1.0,0.09677,0.25,0.75,0.0,0.0,0.0,0.01704
68,0.0,0.0,0.0,0.03226,0.5,0.5,0.0,0.0,0.0,0.02131
69,0.0,0.15385,1.0,1.0,0.75,0.25,0.0,0.0,0.0,0.20062
70,0.0,0.61538,0.0,0.22581,0.75,0.25,0.0,0.0,0.0,0.11869
71,0.0,0.23077,0.33333,0.03226,0.0,1.0,0.0,0.0,0.0,0.0
72,0.0,0.23077,1.0,0.22581,1.0,0.0,0.0,0.0,0.0,0.50007
73,0.0,0.07692,0.0,0.22581,0.1,0.9,0.0,0.0,0.0,0.00763
74,0.0,0.23077,0.33333,0.48387,0.75,0.25,0.0,0.0,0.0,0.20075
75,0.0,0.0,1.0,0.48387,0.1,0.9,0.0,0.0,0.0,0.00644
76,0.0,0.61538,0.33333,0.22581,0.1,0.9,0.0,0.0,0.0,0.00762
77,0.0,0.15385,0.0,0.03226,1.0,0.0,0.0,0.0,0.0,0.07846
78,0.0,0.0,0.0,0.09677,0.9,0.1,0.0,0.0,0.0,0.08598
79,0.0,0.61538,1.0,1.0,1.0,0.0,0.0,0.0,0.0,0.66903
80,0.0,0.61538,0.33333,0.03226,0.75,0.25,0.0,0.0,0.0,0.04139
81,0.0,0.07692,0.0,0.03226,0.9,0.1,0.0,0.0,0.0,0.05304
82,0.0,0.23077,0.33333,0.09677,0.25,0.75,0.0,0.0,0.0,0.02032
83,0.0,0.23077,0.33333,0.22581,0.5,0.5,0.0,0.0,0.0,0.06791
84,0.0,0.07692,0.33333,0.48387,1.0,0.0,0.0,0.0,0.0,0.38999
85,0.0,0.23077,0.33333,0.09677,0.5,0.5,0.0,0.0,0.0,0.05228
86,0.0,0.0,0.33333,0.03226,0.75,0.25,0.0,0.0,0.0,0.03566
87,0.0,0.0,0.33333,0.03226,0.0,1.0,0.0,0.0,0.0,0.0
88,0.0,0.23077,1.0,0.09677,0.0,1.0,0.0,0.0,0.0,0.0
89,0.0,0.07692,1.0,0.22581,0.25,0.75,0.0,0.0,0.0,0.02268
90,0.0,0.0,0.33333,0.09677,0.9,0.1,0.0,0.0,0.0,0.09124
91,0.0,0.23077,0.0,0.22581,0.75,0.25,0.0,0.0,0.0,0.15021
92,0.0,0.07692,0.33333,0.09677,0.75,0.25,0.0,0.0,0.0,0.09084
93,0.0,0.0,0.0,0.03226,0.25,0.75,0.0,0.0,0.0,0.01089
94,0.0,0.15385,0.33333,0.48387,0.5,0.5,0.0,0.0,0.0,0.07128
95,0.0,0.0,0.0,0.0,0.9,0.1,0.0,0.0,0.0,0.02445
96,0.0,0.07692,1.0,1.0,0.1,0.9,0.0,0.0,0.0,0.00793
97,0.0,0.15385,0.33333,0.48387,1.0,0.0,0.0,0.0,0.0,0.53437
98,0.0,1.0,0.0,0.03226,0.5,0.5,0.0,0.0,0.0,0.02096
99,0.0,0.15385,0.33333,0.03226,0.0,1.0,0.0,0.0,0.0,0.0
100,0.0,0.0,0.0,0.22581,0.5,0.5,0.0,0.0,0.0,0.04798
101,0.0,1.0,0.33333,0.22581,0.1,0.9,0.0,0.0,0.0,0.00772
102,0.0,0.61538,1.0,0.09677,0.9,0.1,0.0,0.0,0.0,0.13343
103,0.0,0.61538,0.0,0.22581,0.0,1.0,0.0,0.0,0.0,0.0
104,0.0,0.15385,1.0,0.48387,0.9,0.1,0.0,0.0,0.0,0.45647
105,0.0,1.0,0.0,0.03226,0.25,0.75,0.0,0.0,0.0,0.01
106,0.0,1.0,1.0,0.09677,0.1,0.9,0.0,0.0,0.0,0.00584
107,0.0,0.23077,1.0,1.0,0.75,0.25,0.0,0.0,0.0,0.20496
108,0.0,0.07692,1.0,0.09677,1.0,0.0,0.0,0.0,0.0,0.20769
109,0.0,0.15385,0.0,0.09677,0.25,0.75,0.0,0.0,0.0,0.0197
110,0.0,0.0,1.0,0.22581,0.25,0.75,0.0,0.0,0.0,0.02018
111,0.0,0.61538,0.33333,0.22581,0.25,0.75,0.0,0.0,0.0,0.02284
112,0.0,0.15385,0.0,0.22581,0.25,0.75,0.0,0.0,0.0,0.02242
113,0.0,0.15385,0.0,0.22581,0.1,0.9,0.0,0.0,0.0,0.00788
114,0.0,0.61538,1.0,0.48387,0.1,0.9,0.0,0.0,0.0,0.00796
115,0.0,0.61538,0.33333,0.22581,0.9,0.1,0.0,0.0,0.0,0.19806
116,0.0,0.07692,0.0,0.03226,0.25,0.75,0.0,0.0,0.0,0.01144
117,0.0,0.15385,1.0,0.09677,0.25,0.75,0.0,0.0,0.0,0.02044
118,0.0,0.07692,0.33333,0.09677,0.9,0.1,0.0,0.0,0.0,0.13209
119,0.0,1.0,0.0,0.22581,0.9,0.1,0.0,0.0,0.0,0.17277
120,0.0,0.07692,0.0,0.03226,1.0,0.0,0.0,0.0,0.0,0.06184
121,0.0,0.15385,0.0,0.0,0.1,0.9,0.0,0.0,0.0,0.0027
122,0.0,1.0,0.0,0.09677,0.5,0.5,0.0,0.0,0.0,0.03968
123,0.0,0.23077,0.0,0.22581,0.25,0.75,0.0,0.0,0.0,0.02293
124,0.0,0.23077,0.0,0.03226,0.0,1.0,0.0,0.0,0.0,0.0
125,0.0,0.0,1.0,0.09677,0.1,0.9,0.0,0.0,0.0,0.00653
126,0.0,0.07692,0.33333,0.48387,0.75,0.25,0.0,0.0,0.0,0.17842
127,0.0,0.07692,0.0,0.09677,0.9,0.1,0.0,0.0,0.0,0.1047
128,0.0,0.15385,0.33333,0.48387,0.1,0.9,0.0,0.0,0.0,0.00778
129,0.0,0.61538,0.33333,0.09677,0.25,0.75,0.0,0.0,0.0,0.01763
130,0.0,0.15385,1.0,0.22581,0.1,0.9,0.0,0.0,0.0,0.00764
131,0.0,0.07692,0.33333,0.48387,0.0,1.0,0.0,0.0,0.0,0.0
132,0.0,0.0,0.0,0.09677,0.75,0.25,0.0,0.0,0.0,0.06252
133,0.0,1.0,0.0,0.09677,0.1,0.9,0.0,0.0,0.0,0.00672
134,0.0,0.23077,0.0,0.22581,0.0,1.0,0.0,0.0,0.0,0.0
135,0.0,0.15385,0.33333,0.22581,1.0,0.0,0.0,0.0,0.0,0.38729
136,0.0,0.61538,0.0,0.09677,0.5,0.5,0.0,0.0,0.0,0.03818
137,0.0,0.07692,1.0,0.48387,0.0,1.0,0.0,0.0,0.0,0.0
138,0.0,0.0,0.33333,0.22581,0.5,0.5,0.0,0.0,0.0,0.05179
139,0.0,0.61538,1.0,0.48387,0.9,0.1,0.0,0.0,0.0,0.35118
140,0.0,0.61538,1.0,0.09677,0.75,0.25,0.0,0.0,0.0,0.09149
141,0.0,0.23077,0.0,0.22581,0.1,0.9,0.0,0.0,0.0,0.00806
142,0.0,0.07692,0.33333,0.03226,0.75,0.25,0.0,0.0,0.0,0.0489
143,0.0,0.07692,1.0,1.0,1.0,0.0,0.0,0.0,0.0,0.91082
144,0.0,0.61538,0.33333,0.22581,0.75,0.25,0.0,0.0,0.0,0.14344
145,0.0,1.0,0.33333,0.22581,0.0,1.0,0.0,0.0,0.0,0.0
146,0.0,0.23077,1.0,1.0,0.9,0.1,0.0,0.0,0.0,0.57638
147,0.0,0.23077,0.0,0.0,0.0,1.0,0.0,0.0,0.0,0.0
148,0.0,1.0,0.33333,0.03226,0.0,1.0,0.0,0.0,0.0,0.0
149,0.0,0.15385,0.0,0.03226,0.9,0.1,0.0,0.0,0.0,0.06431
150,0.0,0.61538,0.33333,0.09677,0.5,0.5,0.0,0.0,0.0,0.04235
151,0.0,0.0,0.0,0.22581,1.0,0.0,0.0,0.0,0.0,0.18676
152,0.0,1.0,1.0,1.0,1.0,0.0,0.0,0.0,0.0,0.7531
153,0.0,0.15385,0.0,0.09677,0.75,0.25,0.0,0.0,0.0,0.09239
154,0.0,0.23077,0.33333,0.48387,1.0,0.0,0.0,0.0,0.0,0.5331
155,0.0,0.61538,1.0,0.48387,0.25,0.75,0.0,0.0,0.0,0.02266
156,0.0,0.23077,1.0,1.0,0.25,0.75,0.0,0.0,0.0,0.02242
157,0.0,0.15385,1.0,0.09677,0.0,1.0,0.0,0.0,0.0,0.0
158,0.0,1.0,0.0,0.22581,0.1,0.9,0.0,0.0,0.0,0.0074
159,0.0,0.15385,1.0,1.0,0.5,0.5,0.0,0.0,0.0,0.06683
160,0.0,0.61538,0.33333,0.03226,0.0,1.0,0.0,0.0,0.0,0.0
161,0.0,0.0,1.0,0.09677,0.9,0.1,0.0,0.0,0.0,0.08751
162,0.0,0.61538,0.33333,0.48387,0.25,0.75,0.0,0.0,0.0,0.02318
163,0.0,0.15385,0.33333,0.03226,0.5,0.5,0.0,0.0,0.0,0.03185
164,0.0,1.0,1.0,1.0,0.9,0.1,0.0,0.0,0.0,0.56131
165,0.0,1.0,0.0,0.0,1.0,0.0,0.0,0.0,0.0,0.00708
166,0.0,0.61538,0.0,0.03226,0.1,0.9,0.0,0.0,0.0,0.00417
167,0.0,0.07692,1.0,0.48387,1.0,0.0,0.0,0.0,0.0,0.66581
168,0.0,0.07692,0.33333,0.03226,1.0,0.0,0.0,0.0,0.0,0.09654
169,0.0,1.0,0.33333,0.22581,0.75,0.25,0.0,0.0,0.0,0.15612
170,0.0,0.15385,0.33333,0.09677,1.0,0.0,0.0,0.0,0.0,0.23914
171,0.0,1.0,1.0,0.48387,0.0,1.0,0.0,0.0,0.0,0.0
172,0.0,0.07692,0.33333,0.48387,0.1,0.9,0.0,0.0,0.0,0.00759
173,0.0,0.15385,0.33333,0.09677,0.25,0.75,0.0,0.0,0.0,0.02084
174,0.0,0.15385,0.0,0.09677,1.0,0.0,0.0,0.0,0.0,0.14849
175,0.0,1.0,1.0,0.09677,0.25,0.75,0.0,0.0,0.0,0.01826
176,0.0,1.0,1.0,0.22581,0.25,0.75,0.0,0.0,0.0,0.02259
177,0.0,0.61538,1.0,0.22581,0.75,0.25,0.0,0.0,0.0,0.16536
178,0.0,0.23077,0.0,0.0,1.0,0.0,0.0,0.0,0.0,0.02477
179,0.0,0.15385,0.0,0.0,0.5,0.5,0.0,0.0,0.0,0.01437
180,0.0,0.23077,1.0,0.22581,0.5,0.5,0.0,0.0,0.0,0.0673
181,0.0,0.0,0.0,0.09677,0.5,0.5,0.0,0.0,0.0,0.03702
182,0.0,0.0,0.0,0.09677,0.0,1.0,0.0,0.0,0.0,0.0
183,0.0,0.15385,0.0,0.0,1.0,0.0,0.0,0.0,0.0,0.03203
184,0.0,0.07692,1.0,1.0,0.5,0.5,0.0,0.0,0.0,0.06853
185,0.0,0.23077,0.33333,0.03226,0.1,0.9,0.0,0.0,0.0,0.00462
186,0.0,0.15385,0.33333,0.48387,0.75,0.25,0.0,0.0,0.0,0.20627
187,0.0,0.15385,0.0,0.22581,0.0,1.0,0.0,0.0,0.0,0.0
188,0.0,0.0,0.0,0.0,0.1,0.9,0.0,0.0,0.0,0.00287
189,0.0,1.0,0.0,0.0,0.9,0.1,0.0,0.0,0.0,0.01849
190,0.0,0.23077,0.33333,0.22581,0.1,0.9,0.0,0.0,0.0,0.00753
191,0.0,0.0,0.33333,0.22581,0.0,1.0,0.0,0.0,0.0,0.0
192,0.0,0.07692,0.0,0.0,0.5,0.5,0.0,0.0,0.0,0.01351
193,0.0,0.23077,0.33333,0.48387,0.0,1.0,0.0,0.0,0.0,0.0
194,0.0,0.61538,0.0,0.03226,0.25,0.75,0.0,0.0,0.0,0.01031
195,0.0,0.61538,0.0,0.09677,0.75,0.25,0.0,0.0,0.0,0.06483
196,0.0,0.15385,0.33333,0.22581,0.0,1.0,0.0,0.0,0.0,0.0
197,0.0,0.61538,0.0,0.09677,0.0,1.0,0.0,0.0,0.0,0.0
198,0.0,1.0,1.0,0.22581,0.75,0.25,0.0,0.0,0.0,0.15997
199,0.0,0.15385,1.0,0.48387,0.1,0.9,0.0,0.0,0.0,0.00745
200,0.0,0.0,0.0,0.03226,0.75,0.25,0.0,0.0,0.0,0.03463
201,0.0,0.0,0.33333,0.03226,0.1,0.9,0.0,0.0,0.0,0.00434
202,0.0,0.07692,1.0,0.22581,0.1,0.9,0.0,0.0,0.0,0.00756
203,0.0,0.61538,1.0,1.0,0.5,0.5,0.0,0.0,0.0,0.06873
204,0.0,0.23077,0.0,0.09677,0.9,0.1,0.0,0.0,0.0,0.13713
205,0.0,1.0,0.33333,0.48387,0.75,0.25,0.0,0.0,0.0,0.18496
206,0.0,1.0,1.0,0.22581,0.5,0.5,0.0,0.0,0.0,0.06476
207,0.0,0.61538,1.0,0.22581,0.0,1.0,0.0,0.0,0.0,0.0
208,0.0,0.23077,1.0,0.48387,0.25,0.75,0.0,0.0,0.0,0.02395
209,0.0,0.0,1.0,0.09677,0.0,1.0,0.0,0.0,0.0,0.0
210,0.0,0.23077,1.0,1.0,0.5,0.5,0.0,0.0,0.0,0.06743
211,0.0,0.23077,0.33333,0.22581,0.25,0.75,0.0,0.0,0.0,0.02332
212,0.0,0.07692,0.0,0.0,0.25,0.75,0.0,0.0,0.0,0.00636
213,0.0,0.07692,1.0,0.48387,0.5,0.5,0.0,0.0,0.0,0.06922
214,0.0,1.0,0.33333,0.22581,0.25,0.75,0.0,0.0,0.0,0.02208
215,0.0,0.61538,0.0,0.03226,0.75,0.25,0.0,0.0,0.0,0.03424
216,0.0,0.07692,0.0,0.09677,1.0,0.0,0.0,0.0,0.0,0.11845
217,0.0,0.23077,1.0,0.22581,0.1,0.9,0.0,0.0,0.0,0.00813
218,0.0,0.15385,0.0,0.0,0.25,0.75,0.0,0.0,0.0,0.00664
219,0.0,0.23077,0.0,0.03226,1.0,0.0,0.0,0.0,0.0,0.07334
220,0.0,0.23077,0.0,0.03226,0.25,0.75,0.0,0.0,0.0,0.01223
221,0.0,0.61538,0.0,0.0,0.75,0.25,0.0,0.0,0.0,0.01749
222,0.0,1.0,0.0,0.0,0.1,0.9,0.0,0.0,0.0,0.00256
223,0.0,0.0,1.0,0.22581,0.9,0.1,0.0,0.0,0.0,0.14772
224,0.0,1.0,0.33333,0.09677,0.1,0.9,0.0,0.0,0.0,0.00638
225,0.0,0.61538,0.0,0.03226,0.5,0.5,0.0,0.0,0.0,0.01989
226,0.0,0.15385,1.0,0.48387,0.25,0.75,0.0,0.0,0.0,0.02269
227,0.0,0.0,0.0,0.03226,0.1,0.9,0.0,0.0,0.0,0.00461
228,0.0,0.23077,0.33333,0.09677,0.1,0.9,0.0,0.0,0.0,0.00697
229,0.0,0.61538,1.0,0.09677,0.0,1.0,0.0,0.0,0.0,0.0
230,0.0,0.15385,1.0,1.0,1.0,0.0,0.0,0.0,0.0,0.88311
231,0.0,0.61538,1.0,0.48387,1.0,0.0,0.0,0.0,0.0,0.41299
232,0.0,0.15385,0.0,0.03226,0.0,1.0,0.0,0.0,0.0,0.0
233,0.0,0.15385,0.0,0.03226,0.25,0.75,0.0,0.0,0.0,0.01179
234,0.0,0.15385,1.0,1.0,0.25,0.75,0.0,0.0,0.0,0.02307
235,0.0,0.61538,0.0,0.09677,0.1,0.9,0.0,0.0,0.0,0.00631
236,0.0,1.0,1.0,0.48387,0.75,0.25,0.0,0.0,0.0,0.196
237,0.0,0.23077,1.0,0.22581,0.0,1.0,0.0,0.0,0.0,0.0
238,0.0,1.0,0.0,0.22581,0.75,0.25,0.0,0.0,0.0,0.13014
239,0.0,0.15385,1.0,0.22581,0.9,0.1,0.0,0.0,0.0,0.34078
240,0.0,1.0,0.33333,0.48387,0.25,0.75,0.0,0.0,0.0,0.02161
241,0.0,0.0,0.0,0.0,0.25,0.75,0.0,0.0,0.0,0.00624
242,0.0,1.0,0.33333,0.03226,0.9,0.1,0.0,0.0,0.0,0.06238
243,0.0,0.0,0.0,0.0,0.0,1.0,0.0,0.0,0.0,0.0
244,0.0,0.61538,0.33333,0.09677,0.1,0.9,0.0,0.0,0.0,0.00624
245,0.0,1.0,0.0,0.09677,0.75,0.25,0.0,0.0,0.0,0.06283
246,0.0,0.61538,1.0,0.22581,0.25,0.75,0.0,0.0,0.0,0.02285
247,0.0,1.0,0.0,0.0,0.75,0.25,0.0,0.0,0.0,0.01808
248,0.0,0.0,0.0,0.09677,1.0,0.0,0.0,0.0,0.0,0.10805
249,0.0,0.23077,0.0,0.03226,0.9,0.1,0.0,0.0,0.0,0.0642
250,0.0,0.61538,1.0,1.0,0.1,0.9,0.0,0.0,0.0,0.00757
251,0.0,0.15385,0.33333,0.03226,0.1,0.9,0.0,0.0,0.0,0.00462
252,0.0,0.15385,1.0,0.48387,0.75,0.25,0.0,0.0,0.0,0.16324
253,0.0,0.07692,1.0,1.0,0.25,0.75,0.0,0.0,0.0,0.02333
254,0.0,1.0,0.0,0.22581,1.0,0.0,0.0,0.0,0.0,0.1901
255,0.0,0.61538,1.0,1.0,0.25,0.75,0.0,0.0,0.0,0.02174
256,0.0,0.61538,0.33333,0.09677,0.9,0.1,0.0,0.0,0.0,0.1107
257,0.0,0.0,1.0,0.22581,0.5,0.5,0.0,0.0,0.0,0.05308
258,0.0,0.61538,0.0,0.0,0.25,0.75,0.0,0.0,0.0,0.00561
259,0.0,0.61538,1.0,0.22581,0.5,0.5,0.0,0.0,0.0,0.06579
260,0.0,1.0,0.33333,0.48387,0.0,1.0,0.0,0.0,0.0,0.0
261,0.0,0.23077,0.33333,0.03226,0.75,0.25,0.0,0.0,0.0,0.06627
262,0.0,0.0,1.0,0.22581,0.75,0.25,0.0,0.0,0.0,0.10154
263,0.0,0.15385,1.0,0.48387,0.5,0.5,0.0,0.0,0.0,0.06724
264,0.0,0.07692,0.0,0.0,0.9,0.1,0.0,0.0,0.0,0.02901
265,0.0,0.61538,0.33333,0.22581,1.0,0.0,0.0,0.0,0.0,0.22671
266,0.0,0.61538,0.33333,0.09677,0.0,1.0,0.0,0.0,0.0,0.0
267,0.0,0.23077,1.0,0.48387,0.0,1.0,0.0,0.0,0.0,0.0
268,0.0,1.0,0.33333,0.48387,0.1,0.9,0.0,0.0,0.0,0.00762
269,0.0,0.61538,0.0,0.22581,1.0,0.0,0.0,0.0,0.0,0.15105
270,0.0,1.0,0.0,0.0,0.25,0.75,0.0,0.0,0.0,0.00562
271,0.0,0.07692,0.33333,0.09677,0.1,0.9,0.0,0.0,0.0,0.00674
272,0.0,0.61538,0.0,0.09677,0.9,0.1,0.0,0.0,0.0,0.08484
273,0.0,1.0,0.0,0.0,0.5,0.5,0.0,0.0,0.0,0.01129
274,0.0,1.0,0.33333,0.03226,1.0,0.0,0.0,0.0,0.0,0.0745
275,0.0,0.07692,0.33333,0.22581,0.5,0.5,0.0,0.0,0.0,0.06427
276,0.0,0.23077,0.33333,0.03226,0.5,0.5,0.0,0.0,0.0,0.03373
277,0.0,0.61538,0.33333,0.48387,0.9,0.1,0.0,0.0,0.0,0.30284
278,0.0,0.61538,0.0,0.0,0.0,1.0,0.0,0.0,0.0,0.0
279,0.0,0.0,0.33333,0.09677,1.0,0.0,0.0,0.0,0.0,0.12617
280,0.0,0.15385,0.0,0.03226,0.5,0.5,0.0,0.0,0.0,0.02709
281,0.0,0.15385,1.0,0.22581,1.0,0.0,0.0,0.0,0.0,0.54278
282,0.0,0.0,1.0,0.22581,1.0,0.0,0.0,0.0,0.0,0.22139
283,0.0,0.07692,0.0,0.03226,0.0,1.0,0.0,0.0,0.0,0.0
284,0.0,1.0,0.33333,0.48387,0.5,0.5,0.0,0.0,0.0,0.069
285,0.0,0.61538,0.0,0.0,0.1,0.9,0.0,0.0,0.0,0.00262
286,0.0,0.0,1.0,1.0,0.1,0.9,0.0,0.0,0.0,0.00685
287,0.0,0.07692,1.0,0.48387,0.25,0.75,0.0,0.0,0.0,0.02358
288,0.0,0.61538,0.33333,0.03226,0.1,0.9,0.0,0.0,0.0,0.00419
289,0.0,0.23077,0.33333,0.03226,0.9,0.1,0.0,0.0,0.0,0.1028
290,0.0,0.15385,0.33333,0.09677,0.9,0.1,0.0,0.0,0.0,0.17283
291,0.0,0.23077,0.0,0.09677,0.75,0.25,0.0,0.0,0.0,0.09837
292,0.0,1.0,1.0,0.48387,0.9,0.1,0.0,0.0,0.0,0.35035
293,0.0,0.15385,0.0,0.09677,0.5,0.5,0.0,0.0,0.0,0.04766
294,0.0,0.15385,0.33333,0.22581,0.5,0.5,0.0,0.0,0.0,0.07002
295,0.0,0.0,0.0,0.09677,0.25,0.75,0.0,0.0,0.0,0.0167
296,0.0,0.15385,0.33333,0.48387,0.9,0.1,0.0,0.0,0.0,0.40233
297,0.0,0.61538,0.0,0.09677,1.0,0.0,0.0,0.0,0.0,0.09246
298,0.0,0.15385,0.33333,0.48387,0.25,0.75,0.0,0.0,0.0,0.02363
299,0.0,0.61538,0.0,0.0,0.5,0.5,0.0,0.0,0.0,0.01154
300,0.0,0.61538,1.0,1.0,0.0,1.0,0.0,0.0,0.0,0.0
301,0.0,1.0,1.0,0.22581,0.0,1.0,0.0,0.0,0.0,0.0
302,0.0,0.0,0.0,0.22581,0.9,0.1,0.0,0.0,0.0,0.13439
303,0.0,0.61538,0.33333,0.22581,0.0,1.0,0.0,0.0,0.0,0.0
304,0.0,0.23077,0.0,0.0,0.5,0.5,0.0,0.0,0.0,0.01499
305,0.0,0.07692,0.0,0.09677,0.25,0.75,0.0,0.0,0.0,0.01845
306,0.0,1.0,0.33333,0.03226,0.5,0.5,0.0,0.0,0.0,0.02621
307,0.0,0.0,0.33333,0.03226,0.9,0.1,0.0,0.0,0.0,0.04907
308,0.0,1.0,0.0,0.09677,0.9,0.1,0.0,0.0,0.0,0.08299
309,0.0,0.07692,1.0,0.48387,0.1,0.9,0.0,0.0,0.0,0.00774
310,0.0,0.0,0.33333,0.22581,0.25,0.75,0.0,0.0,0.0,0.02019
311,0.0,0.07692,0.33333,0.22581,0.25,0.75,0.0,0.0,0.0,0.02123
312,0.0,0.15385,0.33333,0.22581,0.1,0.9,0.0,0.0,0.0,0.00725
313,0.0,0.23077,0.33333,0.09677,0.0,1.0,0.0,0.0,0.0,0.0
314,0.0,0.0,0.0,0.0,0.75,0.25,0.0,0.0,0.0,0.01997
315,0.0,0.15385,1.0,1.0,0.0,1.0,0.0,0.0,0.0,0.0
316,0.0,1.0,0.33333,0.09677,0.9,0.1,0.0,0.0,0.0,0.133
317,0.0,0.0,1.0,0.48387,0.0,1.0,0.0,0.0,0.0,0.0
318,0.0,0.15385,1.0,0.09677,0.1,0.9,0.0,0.0,0.0,0.00687
319,0.0,0.61538,0.33333,0.48387,0.75,0.25,0.0,0.0,0.0,0.18498
320,0.0,0.61538,0.0,0.03226,0.0,1.0,0.0,0.0,0.0,0.0
321,0.0,0.07692,0.0,0.22581,0.0,1.0,0.0,0.0,0.0,0.0
322,0.0,0.07692,0.0,0.0,1.0,0.0,0.0,0.0,0.0,0.02774
323,0.0,0.61538,0.33333,0.22581,0.5,0.5,0.0,0.0,0.0,0.06267
324,0.0,0.15385,1.0,0.09677,0.5,0.5,0.0,0.0,0.0,0.0552
325,0.0,0.61538,1.0,0.09677,0.5,0.5,0.0,0.0,0.0,0.0452
326,0.0,1.0,0.0,0.03226,0.0,1.0,0.0,0.0,0.0,0.0
327,0.0,1.0,0.0,0.03226,0.75,0.25,0.0,0.0,0.0,0.03357
328,0.0,0.15385,0.0,0.09677,0.1,0.9,0.0,0.0,0.0,0.00689
329,0.0,1.0,0.33333,0.03226,0.25,0.75,0.0,0.0,0.0,0.01148
330,0.0,1.0,0.33333,0.22581,0.5,0.5,0.0,0.0,0.0,0.06456
331,0.0,0.61538,1.0,1.0,0.9,0.1,0.0,0.0,0.0,0.4681
332,0.0,0.0,0.33333,0.09677,0.0,1.0,0.0,0.0,0.0,0.0
333,0.0,0.23077,0.33333,0.22581,1.0,0.0,0.0,0.0,0.0,0.382
334,0.0,0.15385,0.33333,0.03226,0.75,0.25,0.0,0.0,0.0,0.06279
335,0.0,0.15385,0.33333,0.22581,0.25,0.75,0.0,0.0,0.0,0.02318
336,0.0,0.23077,0.33333,0.48387,0.5,0.5,0.0,0.0,0.0,0.06966
337,0.0,0.23077,1.0,0.48387,0.5,0.5,0.0,0.0,0.0,0.06967
338,0.0,0.23077,0.0,0.09677,0.0,1.0,0.0,0.0,0.0,0.0
339,0.0,0.0,1.0,0.09677,1.0,0.0,0.0,0.0,0.0,0.1247
340,0.0,0.15385,0.0,0.09677,0.0,1.0,0.0,0.0,0.0,0.0
341,0.0,0.23077,1.0,1.0,1.0,0.0,0.0,0.0,0.0,1.0
342,0.0,0.23077,1.0,0.09677,0.5,0.5,0.0,0.0,0.0,0.052
343,0.0,0.0,0.33333,0.48387,0.75,0.25,0.0,0.0,0.0,0.13837
344,0.0,0.07692,1.0,0.09677,0.0,1.0,0.0,0.0,0.0,0.0
345,0.0,0.15385,0.0,0.03226,0.75,0.25,0.0,0.0,0.0,0.0485
346,0.0,0.0,0.33333,0.03226,1.0,0.0,0.0,0.0,0.0,0.06385
347,0.0,0.61538,0.33333,0.03226,0.5,0.5,0.0,0.0,0.0,0.02238
348,0.0,1.0,1.0,1.0,0.25,0.75,0.0,0.0,0.0,0.0224
349,0.0,0.61538,0.33333,0.48387,0.1,0.9,0.0,0.0,0.0,0.00761
350,0.0,1.0,1.0,0.48387,0.5,0.5,0.0,0.0,0.0,0.0656
351,0.0,1.0,1.0,0.48387,0.25,0.75,0.0,0.0,0.0,0.0227
352,0.0,0.23077,0.0,0.0,0.1,0.9,0.0,0.0,0.0,0.00253
353,0.0,0.61538,0.33333,0.03226,1.0,0.0,0.0,0.0,0.0,0.07002
354,0.0,0.15385,1.0,0.48387,0.0,1.0,0.0,0.0,0.0,0.0
355,0.0,0.07692,0.0,0.09677,0.75,0.25,0.0,0.0,0.0,0.075
356,0.0,0.0,0.0,0.0,1.0,0.0,0.0,0.0,0.0,0.02617
357,0.0,0.23077,0.33333,0.48387,0.25,0.75,0.0,0.0,0.0,0.02249
358,0.0,0.07692,0.33333,0.48387,0.25,0.75,0.0,0.0,0.0,0.02251
359,0.0,0.23077,0.0,0.0,0.25,0.75,0.0,0.0,0.0,0.00656
360,0.0,0.0,1.0,1.0,0.5,0.5,0.0,0.0,0.0,0.05884
361,0.0,0.23077,1.0,0.48387,0.1,0.9,0.0,0.0,0.0,0.00764
362,0.0,0.23077,1.0,1.0,0.1,0.9,0.0,0.0,0.0,0.00765
363,0.0,0.07692,0.33333,0.09677,0.5,0.5,0.0,0.0,0.0,0.04669
364,0.0,0.07692,0.33333,0.48387,0.5,0.5,0.0,0.0,0.0,0.06657
365,0.0,0.23077,0.0,0.22581,0.9,0.1,0.0,0.0,0.0,0.22594
366,0.0,0.61538,1.0,0.48387,0.75,0.25,0.0,0.0,0.0,0.19365
367,0.0,1.0,1.0,0.22581,0.1,0.9,0.0,0.0,0.0,0.00749
368,0.0,0.23077,1.0,0.22581,0.9,0.1,0.0,0.0,0.0,0.33364
369,0.0,1.0,0.33333,0.09677,0.75,0.25,0.0,0.0,0.0,0.095
370,0.0,0.61538,1.0,1.0,0.75,0.25,0.0,0.0,0.0,0.20364
371,0.0,1.0,1.0,0.48387,0.1,0.9,0.0,0.0,0.0,0.00763
372,0.0,0.61538,1.0,0.48387,0.0,1.0,0.0,0.0,0.0,0.0
373,0.0,0.23077,1.0,0.09677,0.75,0.25,0.0,0.0,0.0,0.12015
374,0.0,1.0,1.0,0.22581,1.0,0.0,0.0,0.0,0.0,0.28083
375,0.0,0.15385,1.0,1.0,0.9,0.1,0.0,0.0,0.0,0.53288
376,0.0,0.0,1.0,0.09677,0.75,0.25,0.0,0.0,0.0,0.06094
377,0.0,1.0,0.0,0.22581,0.5,0.5,0.0,0.0,0.0,0.05952
378,0.0,1.0,1.0,0.09677,0.5,0.5,0.0,0.0,0.0,0.04593
379,0.0,0.15385,0.33333,0.03226,1.0,0.0,0.0,0.0,0.0,0.12832
380,0.0,1.0,0.33333,0.22581,1.0,0.0,0.0,0.0,0.0,0.29268
381,0.0,0.07692,0.33333,0.22581,0.0,1.0,0.0,0.0,0.0,0.0
382,0.0,0.61538,0.33333,0.03226,0.25,0.75,0.0,0.0,0.0,0.0106
383,0.0,0.61538,0.33333,0.09677,0.75,0.25,0.0,0.0,0.0,0.07992
384,0.0,0.61538,0.0,0.03226,1.0,0.0,0.0,0.0,0.0,0.04677
385,0.0,0.0,0.33333,0.48387,0.0,1.0,0.0,0.0,0.0,0.0
386,0.0,1.0,1.0,1.0,0.0,1.0,0.0,0.0,0.0,0.0
387,0.0,0.15385,1.0,0.09677,0.75,0.25,0.0,0.0,0.0,0.12084
388,0.0,0.07692,0.0,0.03226,0.75,0.25,0.0,0.0,0.0,0.0407
389,0.0,0.15385,0.33333,0.03226,0.9,0.1,0.0,0.0,0.0,0.09558
390,0.0,0.15385,0.0,0.0,0.9,0.1,0.0,0.0,0.0,0.03311
391,0.0,0.0,0.0,0.22581,0.1,0.9,0.0,0.0,0.0,0.00681
392,0.0,0.0,0.33333,0.48387,0.5,0.5,0.0,0.0,0.0,0.05718
393,0.0,0.15385,0.33333,0.09677,0.75,0.25,0.0,0.0,0.0,0.10902
394,0.0,0.0,1.0,0.48387,0.25,0.75,0.0,0.0,0.0,0.0208
395,0.0,0.07692,1.0,0.09677,0.75,0.25,0.0,0.0,0.0,0.09368
396,0.0,0.07692,0.0,0.22581,0.25,0.75,0.0,0.0,0.0,0.02298
397,0.0,0.23077,0.33333,0.22581,0.75,0.25,0.0,0.0,0.0,0.16893
398,0.0,0.23077,0.0,0.09677,0.5,0.5,0.0,0.0,0.0,0.04733
399,0.0,0.23077,1.0,0.09677,1.0,0.0,0.0,0.0,0.0,0.32015
400,0.0,0.07692,0.33333,0.22581,0.75,0.25,0.0,0.0,0.0,0.14819
401,0.0,0.07692,0.0,0.09677,0.1,0.9,0.0,0.0,0.0,0.00674
402,0.0,0.15385,1.0,0.22581,0.25,0.75,0.0,0.0,0.0,0.02348
403,0.0,0.0,1.0,1.0,0.25,0.75,0.0,0.0,0.0,0.02097
404,0.0,1.0,0.0,0.09677,0.25,0.75,0.0,0.0,0.0,0.01797
405,0.0,0.15385,0.33333,0.22581,0.75,0.25,0.0,0.0,0.0,0.16764
406,0.0,0.0,1.0,1.0,1.0,0.0,0.0,0.0,0.0,0.4272
407,0.0,0.61538,1.0,0.22581,0.9,0.1,0.0,0.0,0.0,0.26593
408,0.0,0.07692,0.33333,0.22581,1.0,0.0,0.0,0.0,0.0,0.33931
409,0.0,0.61538,1.0,0.09677,1.0,0.0,0.0,0.0,0.0,0.18983
410,0.0,1.0,0.33333,0.09677,0.0,1.0,0.0,0.0,0.0,0.0
411,0.0,0.0,0.33333,0.22581,0.9,0.1,0.0,0.0,0.0,0.14664
412,0.0,1.0,0.33333,0.09677,0.5,0.5,0.0,0.0,0.0,0.04642
413,0.0,0.23077,0.0,0.22581,1.0,0.0,0.0,0.0,0.0,0.25234
414,0.0,0.0,0.33333,0.09677,0.5,0.5,0.0,0.0,0.0,0.0372
415,0.0,0.15385,1.0,1.0,0.1,0.9,0.0,0.0,0.0,0.00733
416,0.0,0.15385,1.0,0.48387,1.0,0.0,0.0,0.0,0.0,0.76815
417,0.0,1.0,0.0,0.22581,0.0,1.0,0.0,0.0,0.0,0.0
418,0.0,0.23077,0.0,0.0,0.9,0.1,0.0,0.0,0.0,0.03264
419,0.0,0.23077,0.0,0.22581,0.5,0.5,0.0,0.0,0.0,0.06409
420,0.0,0.07692,1.0,0.22581,0.0,1.0,0.0,0.0,0.0,0.0
421,0.0,0.15385,0.0,0.22581,0.5,0.5,0.0,0.0,0.0,0.06589
422,0.0,0.61538,0.0,0.22581,0.5,0.5,0.0,0.0,0.0,0.06072
423,0.0,0.07692,0.0,0.22581,0.9,0.1,0.0,0.0,0.0,0.1762
424,0.0,0.0,1.0,0.48387,0.9,0.1,0.0,0.0,0.0,0.22723
425,0.0,1.0,0.0,0.03226,0.1,0.9,0.0,0.0,0.0,0.00426
426,0.0,0.23077,0.33333,0.22581,0.9,0.1,0.0,0.0,0.0,0.29338
427,0.0,0.0,0.33333,0.48387,0.9,0.1,0.0,0.0,0.0,0.21963
428,0.0,0.23077,0.0,0.03226,0.75,0.25,0.0,0.0,0.0,0.04835
429,0.0,0.07692,1.0,0.22581,0.9,0.1,0.0,0.0,0.0,0.26223
430,0.0,0.0,0.33333,0.09677,0.1,0.9,0.0,0.0,0.0,0.00633
431,0.0,0.23077,0.0,0.09677,0.25,0.75,0.0,0.0,0.0,0.01951
432,0.0,0.15385,0.0,0.0,0.75,0.25,0.0,0.0,0.0,0.02455
433,0.0,0.07692,1.0,0.09677,0.9,0.1,0.0,0.0,0.0,0.14424
434,0.0,0.0,0.0,0.22581,0.0,1.0,0.0,0.0,0.0,0.0
435,0.0,0.07692,0.0,0.22581,0.5,0.5,0.0,0.0,0.0,0.06192
436,0.0,0.0,1.0,0.48387,0.5,0.5,0.0,0.0,0.0,0.0598
437,0.0,0.23077,1.0,0.09677,0.9,0.1,0.0,0.0,0.0,0.21011
438,0.0,0.15385,1.0,0.09677,1.0,0.0,0.0,0.0,0.0,0.30116
439,0.0,0.23077,0.0,0.09677,1.0,0.0,0.0,0.0,0.0,0.15273
440,0.0,0.0,0.0,0.03226,0.0,1.0,0.0,0.0,0.0,0.0
441,0.0,0.07692,1.0,0.22581,1.0,0.0,0.0,0.0,0.0,0.41563
442,0.0,0.07692,0.33333,0.48387,0.9,0.1,0.0,0.0,0.0,0.29735
443,0.0,0.23077,0.33333,0.48387,0.1,0.9,0.0,0.0,0.0,0.00796
444,0.0,0.23077,0.33333,0.03226,0.25,0.75,0.0,0.0,0.0,0.0129
445,0.0,0.15385,0.33333,0.09677,0.1,0.9,0.0,0.0,0.0,0.00717
446,0.0,1.0,0.33333,0.03226,0.1,0.9,0.0,0.0,0.0,0.00412
447,0.0,0.0,1.0,1.0,0.75,0.25,0.0,0.0,0.0,0.16103
448,0.0,0.07692,0.0,0.22581,0.75,0.25,0.0,0.0,0.0,0.12718
449,0.0,0.0,1.0,0.09677,0.5,0.5,0.0,0.0,0.0,0.03533
450,0.0,0.15385,1.0,0.09677,0.9,0.1,0.0,0.0,0.0,0.20433
451,0.0,1.0,1.0,1.0,0.5,0.5,0.0,0.0,0.0,0.06587
452,0.0,0.07692,0.0,0.0,0.75,0.25,0.0,0.0,0.0,0.02232
453,0.0,0.0,1.0,0.48387,0.75,0.25,0.0,0.0,0.0,0.14411
454,0.0,0.0,0.0,0.22581,0.75,0.25,0.0,0.0,0.0,0.06952
455,0.0,1.0,1.0,0.48387,1.0,0.0,0.0,0.0,0.0,0.42759
456,0.0,0.23077,0.0,0.0,0.75,0.25,0.0,0.0,0.0,0.02554
457,0.0,0.07692,0.0,0.0,0.0,1.0,0.0,0.0,0.0,0.0
458,0.0,0.23077,0.33333,0.48387,0.9,0.1,0.0,0.0,0.0,0.42012
459,0.0,0.15385,0.0,0.09677,0.9,0.1,0.0,0.0,0.0,0.13137
460,0.0,0.0,0.33333,0.48387,0.1,0.9,0.0,0.0,0.0,0.00716
461,0.0,0.07692,0.33333,0.09677,0.0,1.0,0.0,0.0,0.0,0.0
462,0.0,0.15385,1.0,0.22581,0.5,0.5,0.0,0.0,0.0,0.0687
463,0.0,0.61538,0.33333,0.09677,1.0,0.0,0.0,0.0,0.0,0.14095
464,0.0,0.07692,1.0,1.0,0.0,1.0,0.0,0.0,0.0,0.0
465,0.0,0.15385,0.0,0.22581,0.75,0.25,0.0,0.0,0.0,0.14812
466,0.0,0.0,0.33333,0.03226,0.25,0.75,0.0,0.0,0.0,0.01046
467,0.0,0.07692,1.0,0.22581,0.75,0.25,0.0,0.0,0.0,0.1638
468,0.0,0.61538,1.0,0.09677,0.1,0.9,0.0,0.0,0.0,0.00611
469,0.0,1.0,0.33333,0.48387,0.9,0.1,0.0,0.0,0.0,0.37561
470,0.0,0.61538,0.0,0.22581,0.1,0.9,0.0,0.0,0.0,0.00754
471,0.0,1.0,0.33333,0.09677,1.0,0.0,0.0,0.0,0.0,0.17829
472,0.0,0.15385,0.33333,0.22581,0.9,0.1,0.0,0.0,0.0,0.27699
473,0.0,1.0,1.0,0.09677,0.0,1.0,0.0,0.0,0.0,0.0
474,0.0,0.61538,0.0,0.22581,0.25,0.75,0.0,0.0,0.0,0.0222
475,0.0,0.0,0.33333,0.48387,0.25,0.75,0.0,0.0,0.0,0.02025
476,0.0,1.0,1.0,0.09677,0.75,0.25,0.0,0.0,0.0,0.0968
477,0.0,1.0,0.0,0.0,0.0,1.0,0.0,0.0,0.0,0.0
478,0.0,0.23077,1.0,0.48387,0.75,0.25,0.0,0.0,0.0,0.20383
479,0.0,0.0,0.33333,0.48387,1.0,0.0,0.0,0.0,0.0,0.31773
480,0.0,0.61538,0.0,0.0,0.9,0.1,0.0,0.0,0.0,0.0197
481,0.0,1.0,1.0,0.09677,1.0,0.0,0.0,0.0,0.0,0.1953
482,0.0,0.07692,1.0,0.22581,0.5,0.5,0.0,0.0,0.0,0.06472
483,0.0,0.15385,0.0,0.22581,1.0,0.0,0.0,0.0,0.0,0.25496
484,0.0,0.23077,0.0,0.03226,0.1,0.9,0.0,0.0,0.0,0.00466
485,0.0,1.0,0.0,0.09677,1.0,0.0,0.0,0.0,0.0,0.09073
486,0.0,0.07692,0.33333,0.03226,0.0,1.0,0.0,0.0,0.0,0.0
487,0.0,0.07692,1.0,0.09677,0.5,0.5,0.0,0.0,0.0,0.04876
488,0.0,0.07692,0.33333,0.03226,0.9,0.1,0.0,0.0,0.0,0.06997
489,0.0,0.0,1.0,0.48387,1.0,0.0,0.0,0.0,0.0,0.33677
490,0.0,0.07692,0.0,0.09677,0.5,0.5,0.0,0.0,0.0,0.04285
491,0.0,0.07692,0.0,0.22581,1.0,0.0,0.0,0.0,0.0,0.22267
492,0.0,0.0,0.0,0.22581,0.25,0.75,0.0,0.0,0.0,0.02008
493,0.0,0.23077,0.33333,0.09677,1.0,0.0,0.0,0.0,0.0,0.24767
494,0.0,0.07692,1.0,0.09677,0.25,0.75,0.0,0.0,0.0,0.0186
495,0.0,0.0,0.33333,0.22581,1.0,0.0,0.0,0.0,0.0,0.21922
496,0.0,1.0,0.33333,0.09677,0.25,0.75,0.0,0.0,0.0,0.01834
497,0.0,0.61538,1.0,0.22581,1.0,0.0,0.0,0.0,0.0,0.3125
498,0.0,0.61538,1.0,0.48387,0.5,0.5,0.0,0.0,0.0,0.06705
499,0.0,0.0,0.0,0.09677,0.1,0.9,0.0,0.0,0.0,0.00681
500,0.0,0.15385,0.0,0.0,0.0,1.0,0.0,0.0,0.0,0.0
501,0.0,1.0,0.33333,0.22581,0.9,0.1,0.0,0.0,0.0,0.23787
502,0.0,0.23077,0.33333,0.03226,1.0,0.0,0.0,0.0,0.0,0.13428
503,0.0,1.0,0.33333,0.48387,1.0,0.0,0.0,0.0,0.0,0.44003
