,mon,osd,driver,worker,read,write,container,object,size,throughput-write
1mon20osd_1driver_10read90write0delete_8worker_16container_4096object_512KB_180sec_20151123112037,1,20,1,8,10,90,16,4096,0,75.72333333333331
1mon20osd_2driver_75read25write0delete_2worker_16container_4096object_512KB_180sec_20151123114057,1,20,2,2,75,25,16,4096,0,16.09638888888889
1mon20osd_4driver_25read75write0delete_32worker_16container_4096object_512KB_180sec_20151123160404,1,20,4,32,25,75,16,4096,0,74.6627027027027
1mon6osd_1driver_50read50write0delete_1worker_16container_4096object_512KB_180sec_20151124082255,1,6,1,1,50,50,16,4096,0,15.49777777777778
1mon20osd_1driver_0read100write0delete_8worker_16container_4096object_512KB_180sec_20151123112545,1,20,1,8,0,100,16,4096,0,73.71270270270271
1mon8osd_1driver_100read0write0delete_4worker_16container_4096object_512KB_180sec_20151124020812,1,8,1,4,100,0,16,4096,0,0.0
1mon4osd_4driver_90read10write0delete_32worker_16container_4096object_512KB_180sec_20151124211807,1,4,4,32,90,10,16,4096,0,38.74305555555556
1mon20osd_4driver_75read25write0delete_8worker_16container_4096object_512KB_180sec_20151123143916,1,20,4,8,75,25,16,4096,0,61.082499999999996
1mon6osd_1driver_100read0write0delete_4worker_16container_4096object_512KB_180sec_20151124091314,1,6,1,4,100,0,16,4096,0,0.0
1mon20osd_2driver_90read10write0delete_16worker_16container_4096object_512KB_180sec_20151123132130,1,20,2,16,90,10,16,4096,0,36.19405405405405
1mon20osd_1driver_25read75write0delete_4worker_16container_4096object_512KB_180sec_20151123103947,1,20,1,4,25,75,16,4096,0,57.542500000000004
1mon8osd_4driver_10read90write0delete_8worker_16container_4096object_512KB_180sec_20151124062726,1,8,4,8,10,90,16,4096,0,80.0561111111111
1mon6osd_1driver_75read25write0delete_2worker_16container_4096object_512KB_180sec_20151124085006,1,6,1,2,75,25,16,4096,0,15.0
1mon30osd_2driver_50read50write0delete_8worker_16container_4096object_512KB_180sec_20151123051318,1,30,2,8,50,50,16,4096,0,71.68222222222224
1mon20osd_4driver_75read25write0delete_4worker_16container_4096object_512KB_180sec_20151123140308,1,20,4,4,75,25,16,4096,0,34.30833333333334
1mon10osd_1driver_10read90write0delete_4worker_16container_4096object_512KB_180sec_20151123192719,1,10,1,4,10,90,16,4096,0,69.11972222222222
1mon8osd_1driver_50read50write0delete_4worker_16container_4096object_512KB_180sec_20151124022159,1,8,1,4,50,50,16,4096,0,52.267222222222216
1mon4osd_4driver_50read50write0delete_32worker_16container_4096object_512KB_180sec_20151124212749,1,4,4,32,50,50,16,4096,0,65.7864864864865
1mon10osd_4driver_75read25write0delete_32worker_16container_4096object_512KB_180sec_20151124002009,1,10,4,32,75,25,16,4096,0,74.71783783783783
1mon30osd_1driver_25read75write0delete_1worker_16container_4096object_512KB_180sec_20151123013804,1,30,1,1,25,75,16,4096,0,19.66222222222222
1mon6osd_1driver_50read50write0delete_2worker_16container_4096object_512KB_180sec_20151124085438,1,6,1,2,50,50,16,4096,0,27.29361111111111
1mon10osd_2driver_100read0write0delete_8worker_16container_4096object_512KB_180sec_20151123211756,1,10,2,8,100,0,16,4096,0,0.0
1mon6osd_2driver_75read25write0delete_8worker_16container_4096object_512KB_180sec_20151124113411,1,6,2,8,75,25,16,4096,0,55.193333333333335
1mon8osd_2driver_50read50write0delete_2worker_16container_4096object_512KB_180sec_20151124032835,1,8,2,2,50,50,16,4096,0,35.098055555555554
1mon10osd_4driver_10read90write0delete_16worker_16container_4096object_512KB_180sec_20151124000021,1,10,4,16,10,90,16,4096,0,79.08944444444444
1mon10osd_1driver_25read75write0delete_8worker_16container_4096object_512KB_180sec_20151123195610,1,10,1,8,25,75,16,4096,0,77.73388888888888
1mon6osd_4driver_100read0write0delete_8worker_16container_4096object_512KB_180sec_20151124130651,1,6,4,8,100,0,16,4096,0,0.0
1mon20osd_2driver_90read10write0delete_2worker_16container_4096object_512KB_180sec_20151123113603,1,20,2,2,90,10,16,4096,0,7.214999999999999
1mon6osd_4driver_0read100write0delete_16worker_16container_4096object_512KB_180sec_20151124140955,1,6,4,16,0,100,16,4096,0,79.84416666666667
1mon8osd_2driver_0read100write0delete_8worker_16container_4096object_512KB_180sec_20151124045010,1,8,2,8,0,100,16,4096,0,77.8563888888889
1mon10osd_4driver_90read10write0delete_16worker_16container_4096object_512KB_180sec_20151123234011,1,10,4,16,90,10,16,4096,0,59.76888888888888
1mon30osd_1driver_10read90write0delete_4worker_16container_4096object_512KB_180sec_20151123025555,1,30,1,4,10,90,16,4096,0,65.51027777777779
1mon8osd_4driver_100read0write0delete_32worker_16container_4096object_512KB_180sec_20151124071508,1,8,4,32,100,0,16,4096,0,0.0
1mon20osd_2driver_90read10write0delete_4worker_16container_4096object_512KB_180sec_20151123121036,1,20,2,4,90,10,16,4096,0,13.555833333333332
1mon10osd_2driver_75read25write0delete_2worker_16container_4096object_512KB_180sec_20151123202022,1,10,2,2,75,25,16,4096,0,25.624999999999996
1mon8osd_2driver_10read90write0delete_4worker_16container_4096object_512KB_180sec_20151124041121,1,8,2,4,10,90,16,4096,0,71.48722222222221
1mon6osd_4driver_25read75write0delete_4worker_16container_4096object_512KB_180sec_20151124125209,1,6,4,4,25,75,16,4096,0,63.57472222222222
1mon20osd_4driver_90read10write0delete_32worker_16container_4096object_512KB_180sec_20151123154752,1,20,4,32,90,10,16,4096,0,58.82027027027027
1mon4osd_2driver_0read100write0delete_4worker_16container_4096object_512KB_180sec_20151124182122,1,4,2,4,0,100,16,4096,0,68.6127777777778
1mon30osd_2driver_75read25write0delete_8worker_16container_4096object_512KB_180sec_20151123050757,1,30,2,8,75,25,16,4096,0,58.038055555555566
1mon4osd_1driver_50read50write0delete_8worker_16container_4096object_512KB_180sec_20151124170052,1,4,1,8,50,50,16,4096,0,53.096388888888896
1mon4osd_2driver_100read0write0delete_16worker_16container_4096object_512KB_180sec_20151124185926,1,4,2,16,100,0,16,4096,0,0.0
1mon6osd_4driver_100read0write0delete_4worker_16container_4096object_512KB_180sec_20151124123320,1,6,4,4,100,0,16,4096,0,0.0
1mon30osd_4driver_75read25write0delete_8worker_16container_4096object_512KB_180sec_20151123070402,1,30,4,8,75,25,16,4096,0,59.95666666666667
1mon8osd_2driver_0read100write0delete_4worker_16container_4096object_512KB_180sec_20151124041615,1,8,2,4,0,100,16,4096,0,72.26
1mon6osd_2driver_25read75write0delete_16worker_16container_4096object_512KB_180sec_20151124121755,1,6,2,16,25,75,16,4096,0,77.40666666666667
1mon8osd_4driver_25read75write0delete_16worker_16container_4096object_512KB_180sec_20151124070002,1,8,4,16,25,75,16,4096,0,78.3775
1mon6osd_2driver_50read50write0delete_2worker_16container_4096object_512KB_180sec_20151124103309,1,6,2,2,50,50,16,4096,0,30.43111111111111
1mon20osd_1driver_25read75write0delete_1worker_16container_4096object_512KB_180sec_20151123093050,1,20,1,1,25,75,16,4096,0,19.65638888888889
1mon10osd_1driver_75read25write0delete_4worker_16container_4096object_512KB_180sec_20151123191257,1,10,1,4,75,25,16,4096,0,36.30361111111111
1mon30osd_1driver_75read25write0delete_4worker_16container_4096object_512KB_180sec_20151123024016,1,30,1,4,75,25,16,4096,0,24.075000000000003
1mon8osd_1driver_90read10write0delete_8worker_16container_4096object_512KB_180sec_20151124024548,1,8,1,8,90,10,16,4096,0,26.89722222222222
1mon30osd_1driver_0read100write0delete_8worker_16container_4096object_512KB_180sec_20151123033830,1,30,1,8,0,100,16,4096,0,76.05138888888888
1mon20osd_1driver_100read0write0delete_1worker_16container_4096object_512KB_180sec_20151123091023,1,20,1,1,100,0,16,4096,0,0.0
1mon30osd_2driver_0read100write0delete_8worker_16container_4096object_512KB_180sec_20151123052936,1,30,2,8,0,100,16,4096,0,75.93277777777777
1mon4osd_4driver_0read100write0delete_16worker_16container_4096object_512KB_180sec_20151124210841,1,4,4,16,0,100,16,4096,0,69.01405405405407
1mon4osd_1driver_10read90write0delete_2worker_16container_4096object_512KB_180sec_20151124160440,1,4,1,2,10,90,16,4096,0,45.34361111111111
1mon8osd_2driver_90read10write0delete_4worker_16container_4096object_512KB_180sec_20151124035213,1,8,2,4,90,10,16,4096,0,21.73833333333333
1mon10osd_4driver_25read75write0delete_16worker_16container_4096object_512KB_180sec_20151123235518,1,10,4,16,25,75,16,4096,0,77.78486486486489
1mon10osd_2driver_50read50write0delete_8worker_16container_4096object_512KB_180sec_20151123213220,1,10,2,8,50,50,16,4096,0,76.27000000000001
1mon8osd_2driver_50read50write0delete_4worker_16container_4096object_512KB_180sec_20151124040137,1,8,2,4,50,50,16,4096,0,59.047499999999985
1mon8osd_1driver_10read90write0delete_4worker_16container_4096object_512KB_180sec_20151124023129,1,8,1,4,10,90,16,4096,0,69.87694444444445
1mon10osd_1driver_25read75write0delete_1worker_16container_4096object_512KB_180sec_20151123181711,1,10,1,1,25,75,16,4096,0,23.47611111111111
1mon20osd_1driver_75read25write0delete_2worker_16container_4096object_512KB_180sec_20151123095523,1,20,1,2,75,25,16,4096,0,12.43388888888889
1mon6osd_4driver_90read10write0delete_4worker_16container_4096object_512KB_180sec_20151124123753,1,6,4,4,90,10,16,4096,0,17.505555555555556
1mon10osd_1driver_75read25write0delete_2worker_16container_4096object_512KB_180sec_20151123184012,1,10,1,2,75,25,16,4096,0,17.988611111111112
1mon20osd_4driver_50read50write0delete_16worker_16container_4096object_512KB_180sec_20151123152132,1,20,4,16,50,50,16,4096,0,75.95027777777779
1mon10osd_4driver_0read100write0delete_4worker_16container_4096object_512KB_180sec_20151123225553,1,10,4,4,0,100,16,4096,0,68.15166666666667
1mon6osd_1driver_25read75write0delete_8worker_16container_4096object_512KB_180sec_20151124100448,1,6,1,8,25,75,16,4096,0,77.7686111111111
1mon8osd_4driver_10read90write0delete_16worker_16container_4096object_512KB_180sec_20151124070510,1,8,4,16,10,90,16,4096,0,77.23027777777777
1mon20osd_2driver_75read25write0delete_8worker_16container_4096object_512KB_180sec_20151123125046,1,20,2,8,75,25,16,4096,0,52.412222222222226
1mon10osd_1driver_100read0write0delete_2worker_16container_4096object_512KB_180sec_20151123183106,1,10,1,2,100,0,16,4096,0,0.0
1mon10osd_4driver_25read75write0delete_8worker_16container_4096object_512KB_180sec_20151123232021,1,10,4,8,25,75,16,4096,0,74.10027777777779
1mon8osd_4driver_90read10write0delete_4worker_16container_4096object_512KB_180sec_20151124053404,1,8,4,4,90,10,16,4096,0,25.54111111111111
1mon6osd_1driver_90read10write0delete_4worker_16container_4096object_512KB_180sec_20151124091746,1,6,1,4,90,10,16,4096,0,13.443055555555555
1mon30osd_2driver_100read0write0delete_8worker_16container_4096object_512KB_180sec_20151123045733,1,30,2,8,100,0,16,4096,0,0.0
1mon8osd_1driver_25read75write0delete_1worker_16container_4096object_512KB_180sec_20151124012206,1,8,1,1,25,75,16,4096,0,23.22861111111111
1mon30osd_4driver_10read90write0delete_32worker_16container_4096object_512KB_180sec_20151123083733,1,30,4,32,10,90,16,4096,0,72.59108108108109
1mon30osd_2driver_75read25write0delete_16worker_16container_4096object_512KB_180sec_20151123054601,1,30,2,16,75,25,16,4096,0,69.3872972972973
1mon20osd_1driver_50read50write0delete_1worker_16container_4096object_512KB_180sec_20151123092555,1,20,1,1,50,50,16,4096,0,12.645833333333334
1mon10osd_4driver_50read50write0delete_16worker_16container_4096object_512KB_180sec_20151123235013,1,10,4,16,50,50,16,4096,0,77.99783783783784
1mon8osd_1driver_25read75write0delete_2worker_16container_4096object_512KB_180sec_20151124015403,1,8,1,2,25,75,16,4096,0,40.54222222222223
1mon20osd_4driver_90read10write0delete_4worker_16container_4096object_512KB_180sec_20151123135806,1,20,4,4,90,10,16,4096,0,16.954722222222223
1mon20osd_2driver_50read50write0delete_4worker_16container_4096object_512KB_180sec_20151123122027,1,20,2,4,50,50,16,4096,0,48.02583333333334
1mon20osd_2driver_0read100write0delete_8worker_16container_4096object_512KB_180sec_20151123131125,1,20,2,8,0,100,16,4096,0,72.76540540540542
1mon8osd_4driver_100read0write0delete_16worker_16container_4096object_512KB_180sec_20151124063746,1,8,4,16,100,0,16,4096,0,0.0
1mon4osd_2driver_90read10write0delete_2worker_16container_4096object_512KB_180sec_20151124172557,1,4,2,2,90,10,16,4096,0,5.779166666666666
1mon30osd_2driver_25read75write0delete_8worker_16container_4096object_512KB_180sec_20151123051848,1,30,2,8,25,75,16,4096,0,74.91722222222224
1mon4osd_1driver_50read50write0delete_2worker_16container_4096object_512KB_180sec_20151124155533,1,4,1,2,50,50,16,4096,0,24.466944444444447
1mon6osd_4driver_50read50write0delete_8worker_16container_4096object_512KB_180sec_20151124132105,1,6,4,8,50,50,16,4096,0,74.09722222222221
1mon8osd_4driver_25read75write0delete_32worker_16container_4096object_512KB_180sec_20151124073506,1,8,4,32,25,75,16,4096,0,78.13277777777779
1mon8osd_2driver_90read10write0delete_2worker_16container_4096object_512KB_180sec_20151124031927,1,8,2,2,90,10,16,4096,0,11.60527777777778
1mon8osd_1driver_75read25write0delete_1worker_16container_4096object_512KB_180sec_20151124011256,1,8,1,1,75,25,16,4096,0,9.606666666666666
1mon20osd_1driver_10read90write0delete_1worker_16container_4096object_512KB_180sec_20151123093539,1,20,1,1,10,90,16,4096,0,24.939999999999998
1mon30osd_4driver_0read100write0delete_4worker_16container_4096object_512KB_180sec_20151123064659,1,30,4,4,0,100,16,4096,0,65.00972222222222
1mon30osd_2driver_50read50write0delete_4worker_16container_4096object_512KB_180sec_20151123043612,1,30,2,4,50,50,16,4096,0,52.431111111111115
1mon10osd_4driver_75read25write0delete_8worker_16container_4096object_512KB_180sec_20151123231022,1,10,4,8,75,25,16,4096,0,67.14972222222222
1mon6osd_2driver_90read10write0delete_4worker_16container_4096object_512KB_180sec_20151124105622,1,6,2,4,90,10,16,4096,0,17.08611111111111
1mon8osd_1driver_25read75write0delete_8worker_16container_4096object_512KB_180sec_20151124030009,1,8,1,8,25,75,16,4096,0,76.81083333333333
1mon4osd_2driver_10read90write0delete_16worker_16container_4096object_512KB_180sec_20151124192309,1,4,2,16,10,90,16,4096,0,69.76055555555556
1mon6osd_2driver_90read10write0delete_8worker_16container_4096object_512KB_180sec_20151124112931,1,6,2,8,90,10,16,4096,0,28.446388888888887
1mon4osd_4driver_100read0write0delete_8worker_16container_4096object_512KB_180sec_20151124200624,1,4,4,8,100,0,16,4096,0,0.0
1mon10osd_1driver_25read75write0delete_2worker_16container_4096object_512KB_180sec_20151123184929,1,10,1,2,25,75,16,4096,0,41.652499999999996
1mon10osd_4driver_100read0write0delete_4worker_16container_4096object_512KB_180sec_20151123222643,1,10,4,4,100,0,16,4096,0,0.0
1mon20osd_4driver_10read90write0delete_8worker_16container_4096object_512KB_180sec_20151123145513,1,20,4,8,10,90,16,4096,0,76.33388888888891
1mon6osd_1driver_10read90write0delete_8worker_16container_4096object_512KB_180sec_20151124100938,1,6,1,8,10,90,16,4096,0,77.4775
1mon4osd_4driver_100read0write0delete_32worker_16container_4096object_512KB_180sec_20151124211340,1,4,4,32,100,0,16,4096,0,0.0
1mon30osd_2driver_75read25write0delete_2worker_16container_4096object_512KB_180sec_20151123035417,1,30,2,2,75,25,16,4096,0,17.55027777777778
1mon10osd_2driver_10read90write0delete_8worker_16container_4096object_512KB_180sec_20151123214217,1,10,2,8,10,90,16,4096,0,77.95250000000001
1mon4osd_2driver_90read10write0delete_4worker_16container_4096object_512KB_180sec_20151124175802,1,4,2,4,90,10,16,4096,0,10.966111111111111
1mon10osd_1driver_100read0write0delete_1worker_16container_4096object_512KB_180sec_20151123175844,1,10,1,1,100,0,16,4096,0,0.0
1mon10osd_4driver_0read100write0delete_16worker_16container_4096object_512KB_180sec_20151124000523,1,10,4,16,0,100,16,4096,0,78.53416666666666
1mon10osd_1driver_0read100write0delete_1worker_16container_4096object_512KB_180sec_20151123182626,1,10,1,1,0,100,16,4096,0,29.84083333333334
1mon30osd_2driver_25read75write0delete_16worker_16container_4096object_512KB_180sec_20151123055703,1,30,2,16,25,75,16,4096,0,71.0725
1mon6osd_1driver_90read10write0delete_8worker_16container_4096object_512KB_180sec_20151124095039,1,6,1,8,90,10,16,4096,0,21.698333333333334
1mon20osd_2driver_25read75write0delete_16worker_16container_4096object_512KB_180sec_20151123133715,1,20,2,16,25,75,16,4096,0,75.64194444444443
1mon4osd_1driver_75read25write0delete_2worker_16container_4096object_512KB_180sec_20151124155105,1,4,1,2,75,25,16,4096,0,13.038888888888888
1mon6osd_4driver_0read100write0delete_32worker_16container_4096object_512KB_180sec_20151124144412,1,6,4,32,0,100,16,4096,0,77.06567567567569
1mon20osd_2driver_10read90write0delete_2worker_16container_4096object_512KB_180sec_20151123115549,1,20,2,2,10,90,16,4096,0,41.83972222222222
1mon4osd_1driver_0read100write0delete_4worker_16container_4096object_512KB_180sec_20151124164142,1,4,1,4,0,100,16,4096,0,69.07138888888888
1mon4osd_2driver_50read50write0delete_2worker_16container_4096object_512KB_180sec_20151124173457,1,4,2,2,50,50,16,4096,0,23.994444444444447
1mon30osd_1driver_100read0write0delete_2worker_16container_4096object_512KB_180sec_20151123015328,1,30,1,2,100,0,16,4096,0,0.0
1mon20osd_2driver_25read75write0delete_4worker_16container_4096object_512KB_180sec_20151123122528,1,20,2,4,25,75,16,4096,0,60.24555555555556
1mon6osd_4driver_75read25write0delete_8worker_16container_4096object_512KB_180sec_20151124131609,1,6,4,8,75,25,16,4096,0,61.747222222222234
1mon8osd_2driver_75read25write0delete_16worker_16container_4096object_512KB_180sec_20151124050421,1,8,2,16,75,25,16,4096,0,76.69055555555556
1mon20osd_1driver_90read10write0delete_4worker_16container_4096object_512KB_180sec_20151123102453,1,20,1,4,90,10,16,4096,0,10.33111111111111
1mon8osd_1driver_100read0write0delete_8worker_16container_4096object_512KB_180sec_20151124024112,1,8,1,8,100,0,16,4096,0,0.0
1mon10osd_2driver_90read10write0delete_8worker_16container_4096object_512KB_180sec_20151123212234,1,10,2,8,90,10,16,4096,0,37.40694444444444
1mon6osd_2driver_90read10write0delete_2worker_16container_4096object_512KB_180sec_20151124102404,1,6,2,2,90,10,16,4096,0,9.387777777777778
1mon8osd_4driver_75read25write0delete_16worker_16container_4096object_512KB_180sec_20151124064858,1,8,4,16,75,25,16,4096,0,61.924722222222236
1mon8osd_4driver_10read90write0delete_32worker_16container_4096object_512KB_180sec_20151124074004,1,8,4,32,10,90,16,4096,0,75.70108108108109
1mon10osd_2driver_75read25write0delete_16worker_16container_4096object_512KB_180sec_20151123220138,1,10,2,16,75,25,16,4096,0,75.98444444444445
1mon30osd_1driver_0read100write0delete_2worker_16container_4096object_512KB_180sec_20151123022431,1,30,1,2,0,100,16,4096,0,48.59277777777777
1mon30osd_4driver_10read90write0delete_8worker_16container_4096object_512KB_180sec_20151123072029,1,30,4,8,10,90,16,4096,0,75.43722222222222
1mon6osd_2driver_100read0write0delete_2worker_16container_4096object_512KB_180sec_20151124101930,1,6,2,2,100,0,16,4096,0,0.0
1mon8osd_4driver_100read0write0delete_4worker_16container_4096object_512KB_180sec_20151124052920,1,8,4,4,100,0,16,4096,0,0.0
1mon8osd_2driver_0read100write0delete_2worker_16container_4096object_512KB_180sec_20151124034245,1,8,2,2,0,100,16,4096,0,50.543611111111105
1mon4osd_4driver_0read100write0delete_32worker_16container_4096object_512KB_180sec_20151124214249,1,4,4,32,0,100,16,4096,0,68.13837837837838
1mon6osd_4driver_10read90write0delete_8worker_16container_4096object_512KB_180sec_20151124133058,1,6,4,8,10,90,16,4096,0,77.2388888888889
1mon10osd_1driver_0read100write0delete_8worker_16container_4096object_512KB_180sec_20151123200600,1,10,1,8,0,100,16,4096,0,74.48222222222222
1mon6osd_4driver_25read75write0delete_16worker_16container_4096object_512KB_180sec_20151124140005,1,6,4,16,25,75,16,4096,0,78.51277777777779
1mon8osd_1driver_75read25write0delete_4worker_16container_4096object_512KB_180sec_20151124021719,1,8,1,4,75,25,16,4096,0,34.72777777777779
1mon8osd_2driver_10read90write0delete_8worker_16container_4096object_512KB_180sec_20151124044513,1,8,2,8,10,90,16,4096,0,76.3008108108108
1mon30osd_4driver_75read25write0delete_4worker_16container_4096object_512KB_180sec_20151123062414,1,30,4,4,75,25,16,4096,0,35.42333333333333
1mon10osd_1driver_0read100write0delete_4worker_16container_4096object_512KB_180sec_20151123193211,1,10,1,4,0,100,16,4096,0,71.61083333333335
1mon30osd_1driver_0read100write0delete_1worker_16container_4096object_512KB_180sec_20151123014813,1,30,1,1,0,100,16,4096,0,29.221111111111114
1mon10osd_2driver_100read0write0delete_16worker_16container_4096object_512KB_180sec_20151123215205,1,10,2,16,100,0,16,4096,0,0.0
1mon8osd_2driver_75read25write0delete_8worker_16container_4096object_512KB_180sec_20151124043031,1,8,2,8,75,25,16,4096,0,63.952500000000015
1mon30osd_2driver_90read10write0delete_8worker_16container_4096object_512KB_180sec_20151123050241,1,30,2,8,90,10,16,4096,0,30.112499999999997
1mon6osd_4driver_75read25write0delete_16worker_16container_4096object_512KB_180sec_20151124135005,1,6,4,16,75,25,16,4096,0,68.84861111111111
1mon30osd_1driver_50read50write0delete_2worker_16container_4096object_512KB_180sec_20151123020858,1,30,1,2,50,50,16,4096,0,23.130000000000003
1mon20osd_4driver_25read75write0delete_8worker_16container_4096object_512KB_180sec_20151123144952,1,20,4,8,25,75,16,4096,0,75.94611111111111
1mon8osd_4driver_100read0write0delete_8worker_16container_4096object_512KB_180sec_20151124060315,1,8,4,8,100,0,16,4096,0,0.0
1mon10osd_1driver_90read10write0delete_4worker_16container_4096object_512KB_180sec_20151123190821,1,10,1,4,90,10,16,4096,0,17.121944444444445
1mon4osd_4driver_75read25write0delete_16worker_16container_4096object_512KB_180sec_20151124204910,1,4,4,16,75,25,16,4096,0,54.08222222222222
1mon4osd_1driver_75read25write0delete_4worker_16container_4096object_512KB_180sec_20151124162259,1,4,1,4,75,25,16,4096,0,23.577777777777776
1mon30osd_2driver_10read90write0delete_8worker_16container_4096object_512KB_180sec_20151123052412,1,30,2,8,10,90,16,4096,0,77.36833333333333
1mon30osd_1driver_25read75write0delete_4worker_16container_4096object_512KB_180sec_20151123025040,1,30,1,4,25,75,16,4096,0,59.75416666666667
1mon8osd_2driver_100read0write0delete_8worker_16container_4096object_512KB_180sec_20151124042109,1,8,2,8,100,0,16,4096,0,0.0
1mon4osd_4driver_0read100write0delete_4worker_16container_4096object_512KB_180sec_20151124200132,1,4,4,4,0,100,16,4096,0,66.65
1mon30osd_2driver_100read0write0delete_4worker_16container_4096object_512KB_180sec_20151123042033,1,30,2,4,100,0,16,4096,0,0.0
1mon10osd_1driver_10read90write0delete_1worker_16container_4096object_512KB_180sec_20151123182148,1,10,1,1,10,90,16,4096,0,27.013333333333332
1mon20osd_4driver_100read0write0delete_4worker_16container_4096object_512KB_180sec_20151123135309,1,20,4,4,100,0,16,4096,0,0.0
1mon8osd_2driver_25read75write0delete_8worker_16container_4096object_512KB_180sec_20151124044016,1,8,2,8,25,75,16,4096,0,77.02513513513513
1mon6osd_2driver_100read0write0delete_8worker_16container_4096object_512KB_180sec_20151124112458,1,6,2,8,100,0,16,4096,0,0.0
1mon6osd_2driver_0read100write0delete_8worker_16container_4096object_512KB_180sec_20151124115352,1,6,2,8,0,100,16,4096,0,78.45611111111111
1mon4osd_2driver_25read75write0delete_4worker_16container_4096object_512KB_180sec_20151124181148,1,4,2,4,25,75,16,4096,0,59.94777777777779
1mon30osd_2driver_25read75write0delete_4worker_16container_4096object_512KB_180sec_20151123044130,1,30,2,4,25,75,16,4096,0,61.12194444444444
1mon6osd_1driver_25read75write0delete_1worker_16container_4096object_512KB_180sec_20151124082724,1,6,1,1,25,75,16,4096,0,22.034444444444446
1mon10osd_2driver_50read50write0delete_4worker_16container_4096object_512KB_180sec_20151123205818,1,10,2,4,50,50,16,4096,0,61.12611111111111
1mon6osd_1driver_0read100write0delete_1worker_16container_4096object_512KB_180sec_20151124083630,1,6,1,1,0,100,16,4096,0,30.591666666666665
1mon30osd_2driver_90read10write0delete_4worker_16container_4096object_512KB_180sec_20151123042545,1,30,2,4,90,10,16,4096,0,16.359444444444442
1mon10osd_2driver_25read75write0delete_4worker_16container_4096object_512KB_180sec_20151123210313,1,10,2,4,25,75,16,4096,0,67.40527777777777
1mon30osd_2driver_90read10write0delete_2worker_16container_4096object_512KB_180sec_20151123034912,1,30,2,2,90,10,16,4096,0,7.927222222222223
1mon4osd_4driver_25read75write0delete_4worker_16container_4096object_512KB_180sec_20151124195144,1,4,4,4,25,75,16,4096,0,57.58055555555555
1mon4osd_2driver_0read100write0delete_2worker_16container_4096object_512KB_180sec_20151124174849,1,4,2,2,0,100,16,4096,0,52.194722222222225
1mon30osd_4driver_50read50write0delete_16worker_16container_4096object_512KB_180sec_20151123074800,1,30,4,16,50,50,16,4096,0,74.87194444444442
1mon8osd_1driver_10read90write0delete_1worker_16container_4096object_512KB_180sec_20151124012640,1,8,1,1,10,90,16,4096,0,27.10166666666667
1mon8osd_2driver_75read25write0delete_2worker_16container_4096object_512KB_180sec_20151124032400,1,8,2,2,75,25,16,4096,0,23.379444444444445
1mon10osd_2driver_75read25write0delete_4worker_16container_4096object_512KB_180sec_20151123205332,1,10,2,4,75,25,16,4096,0,42.91638888888888
1mon20osd_2driver_0read100write0delete_2worker_16container_4096object_512KB_180sec_20151123120048,1,20,2,2,0,100,16,4096,0,46.96805555555556
1mon6osd_2driver_25read75write0delete_8worker_16container_4096object_512KB_180sec_20151124114350,1,6,2,8,25,75,16,4096,0,72.82722222222223
1mon20osd_2driver_100read0write0delete_16worker_16container_4096object_512KB_180sec_20151123131639,1,20,2,16,100,0,16,4096,0,0.0
1mon10osd_1driver_10read90write0delete_2worker_16container_4096object_512KB_180sec_20151123185412,1,10,1,2,10,90,16,4096,0,46.614444444444445
1mon20osd_2driver_25read75write0delete_2worker_16container_4096object_512KB_180sec_20151123115053,1,20,2,2,25,75,16,4096,0,36.01555555555555
1mon20osd_1driver_75read25write0delete_8worker_16container_4096object_512KB_180sec_20151123110509,1,20,1,8,75,25,16,4096,0,43.803783783783786
1mon30osd_1driver_90read10write0delete_8worker_16container_4096object_512KB_180sec_20151123031135,1,30,1,8,90,10,16,4096,0,21.698611111111113
1mon20osd_4driver_50read50write0delete_32worker_16container_4096object_512KB_180sec_20151123155846,1,20,4,32,50,50,16,4096,0,76.43944444444443
1mon4osd_1driver_25read75write0delete_8worker_16container_4096object_512KB_180sec_20151124170539,1,4,1,8,25,75,16,4096,0,66.90249999999999
1mon10osd_2driver_100read0write0delete_2worker_16container_4096object_512KB_180sec_20151123201108,1,10,2,2,100,0,16,4096,0,0.0
1mon20osd_2driver_0read100write0delete_4worker_16container_4096object_512KB_180sec_20151123123539,1,20,2,4,0,100,16,4096,0,67.4677777777778
1mon4osd_4driver_90read10write0delete_16worker_16container_4096object_512KB_180sec_20151124204425,1,4,4,16,90,10,16,4096,0,28.215555555555554
1mon4osd_4driver_25read75write0delete_32worker_16container_4096object_512KB_180sec_20151124213252,1,4,4,32,25,75,16,4096,0,67.67305555555555
1mon8osd_1driver_50read50write0delete_1worker_16container_4096object_512KB_180sec_20151124011730,1,8,1,1,50,50,16,4096,0,17.200000000000003
1mon10osd_4driver_50read50write0delete_4worker_16container_4096object_512KB_180sec_20151123224104,1,10,4,4,50,50,16,4096,0,58.649444444444434
1mon4osd_4driver_75read25write0delete_8worker_16container_4096object_512KB_180sec_20151124201532,1,4,4,8,75,25,16,4096,0,38.91472222222222
1mon10osd_4driver_25read75write0delete_32worker_16container_4096object_512KB_180sec_20151124003026,1,10,4,32,25,75,16,4096,0,73.77945945945946
1mon30osd_2driver_10read90write0delete_2worker_16container_4096object_512KB_180sec_20151123040952,1,30,2,2,10,90,16,4096,0,43.37555555555556
1mon30osd_4driver_50read50write0delete_8worker_16container_4096object_512KB_180sec_20151123070925,1,30,4,8,50,50,16,4096,0,71.29444444444442
1mon4osd_4driver_90read10write0delete_4worker_16container_4096object_512KB_180sec_20151124193748,1,4,4,4,90,10,16,4096,0,11.212222222222225
1mon8osd_4driver_0read100write0delete_4worker_16container_4096object_512KB_180sec_20151124055819,1,8,4,4,0,100,16,4096,0,72.24555555555555
1mon20osd_2driver_90read10write0delete_8worker_16container_4096object_512KB_180sec_20151123124542,1,20,2,8,90,10,16,4096,0,24.635945945945945
1mon4osd_2driver_75read25write0delete_8worker_16container_4096object_512KB_180sec_20151124183515,1,4,2,8,75,25,16,4096,0,38.310277777777785
1mon4osd_4driver_75read25write0delete_4worker_16container_4096object_512KB_180sec_20151124194222,1,4,4,4,75,25,16,4096,0,23.135555555555555
1mon10osd_1driver_0read100write0delete_2worker_16container_4096object_512KB_180sec_20151123185859,1,10,1,2,0,100,16,4096,0,48.331944444444446
1mon20osd_2driver_100read0write0delete_8worker_16container_4096object_512KB_180sec_20151123124047,1,20,2,8,100,0,16,4096,0,0.0
1mon30osd_4driver_25read75write0delete_32worker_16container_4096object_512KB_180sec_20151123083209,1,30,4,32,25,75,16,4096,0,74.54972222222221
1mon10osd_2driver_0read100write0delete_2worker_16container_4096object_512KB_180sec_20151123203918,1,10,2,2,0,100,16,4096,0,48.06111111111111
1mon6osd_2driver_50read50write0delete_8worker_16container_4096object_512KB_180sec_20151124113859,1,6,2,8,50,50,16,4096,0,71.88722222222222
1mon20osd_2driver_75read25write0delete_4worker_16container_4096object_512KB_180sec_20151123121532,1,20,2,4,75,25,16,4096,0,30.843333333333337
1mon10osd_2driver_50read50write0delete_2worker_16container_4096object_512KB_180sec_20151123202502,1,10,2,2,50,50,16,4096,0,37.06333333333333
1mon4osd_4driver_10read90write0delete_8worker_16container_4096object_512KB_180sec_20151124203002,1,4,4,8,10,90,16,4096,0,70.56666666666666
1mon30osd_2driver_50read50write0delete_16worker_16container_4096object_512KB_180sec_20151123055138,1,30,2,16,50,50,16,4096,0,74.48138888888889
1mon4osd_2driver_75read25write0delete_4worker_16container_4096object_512KB_180sec_20151124180233,1,4,2,4,75,25,16,4096,0,23.89361111111111
1mon8osd_1driver_75read25write0delete_2worker_16container_4096object_512KB_180sec_20151124014456,1,8,1,2,75,25,16,4096,0,17.360555555555557
1mon4osd_2driver_100read0write0delete_4worker_16container_4096object_512KB_180sec_20151124175333,1,4,2,4,100,0,16,4096,0,0.0
1mon10osd_2driver_90read10write0delete_2worker_16container_4096object_512KB_180sec_20151123201545,1,10,2,2,90,10,16,4096,0,12.633055555555554
1mon6osd_4driver_25read75write0delete_32worker_16container_4096object_512KB_180sec_20151124143420,1,6,4,32,25,75,16,4096,0,78.24805555555557
1mon8osd_4driver_50read50write0delete_16worker_16container_4096object_512KB_180sec_20151124065448,1,8,4,16,50,50,16,4096,0,75.64277777777778
1mon30osd_1driver_10read90write0delete_2worker_16container_4096object_512KB_180sec_20151123021915,1,30,1,2,10,90,16,4096,0,42.31250000000001
1mon20osd_1driver_90read10write0delete_2worker_16container_4096object_512KB_180sec_20151123095028,1,20,1,2,90,10,16,4096,0,5.363333333333333
1mon8osd_1driver_0read100write0delete_8worker_16container_4096object_512KB_180sec_20151124030950,1,8,1,8,0,100,16,4096,0,77.14888888888888
1mon20osd_4driver_75read25write0delete_16worker_16container_4096object_512KB_180sec_20151123151611,1,20,4,16,75,25,16,4096,0,73.52944444444444
1mon20osd_1driver_90read10write0delete_8worker_16container_4096object_512KB_180sec_20151123105959,1,20,1,8,90,10,16,4096,0,19.64944444444445
1mon20osd_1driver_100read0write0delete_2worker_16container_4096object_512KB_180sec_20151123094529,1,20,1,2,100,0,16,4096,0,0.0
1mon10osd_4driver_90read10write0delete_4worker_16container_4096object_512KB_180sec_20151123223127,1,10,4,4,90,10,16,4096,0,25.843888888888888
1mon30osd_1driver_50read50write0delete_8worker_16container_4096object_512KB_180sec_20151123032210,1,30,1,8,50,50,16,4096,0,67.93432432432432
1mon20osd_1driver_10read90write0delete_4worker_16container_4096object_512KB_180sec_20151123104452,1,20,1,4,10,90,16,4096,0,63.65694444444445
1mon6osd_2driver_75read25write0delete_4worker_16container_4096object_512KB_180sec_20151124110059,1,6,2,4,75,25,16,4096,0,33.96416666666667
1mon20osd_2driver_50read50write0delete_8worker_16container_4096object_512KB_180sec_20151123125552,1,20,2,8,50,50,16,4096,0,69.78805555555554
1mon30osd_2driver_0read100write0delete_4worker_16container_4096object_512KB_180sec_20151123045212,1,30,2,4,0,100,16,4096,0,65.80222222222224
1mon6osd_2driver_10read90write0delete_2worker_16container_4096object_512KB_180sec_20151124104223,1,6,2,2,10,90,16,4096,0,46.97
1mon4osd_1driver_10read90write0delete_8worker_16container_4096object_512KB_180sec_20151124171139,1,4,1,8,10,90,16,4096,0,68.65694444444445
1mon30osd_4driver_10read90write0delete_16worker_16container_4096object_512KB_180sec_20151123075858,1,30,4,16,10,90,16,4096,0,75.7136111111111
1mon20osd_2driver_25read75write0delete_8worker_16container_4096object_512KB_180sec_20151123130100,1,20,2,8,25,75,16,4096,0,75.50722222222223
1mon20osd_4driver_100read0write0delete_8worker_16container_4096object_512KB_180sec_20151123142859,1,20,4,8,100,0,16,4096,0,0.0
1mon30osd_4driver_50read50write0delete_32worker_16container_4096object_512KB_180sec_20151123082637,1,30,4,32,50,50,16,4096,0,73.44702702702702
1mon8osd_2driver_50read50write0delete_8worker_16container_4096object_512KB_180sec_20151124043523,1,8,2,8,50,50,16,4096,0,77.13027777777778
1mon10osd_1driver_50read50write0delete_4worker_16container_4096object_512KB_180sec_20151123191740,1,10,1,4,50,50,16,4096,0,55.164722222222224
1mon30osd_2driver_10read90write0delete_4worker_16container_4096object_512KB_180sec_20151123044652,1,30,2,4,10,90,16,4096,0,64.31666666666666
1mon8osd_4driver_75read25write0delete_8worker_16container_4096object_512KB_180sec_20151124061240,1,8,4,8,75,25,16,4096,0,69.91472222222221
1mon8osd_2driver_0read100write0delete_16worker_16container_4096object_512KB_180sec_20151124052405,1,8,2,16,0,100,16,4096,0,80.68944444444443
1mon8osd_1driver_10read90write0delete_2worker_16container_4096object_512KB_180sec_20151124015841,1,8,1,2,10,90,16,4096,0,46.15222222222223
1mon4osd_1driver_100read0write0delete_1worker_16container_4096object_512KB_180sec_20151124151038,1,4,1,1,100,0,16,4096,0,0.0
1mon10osd_1driver_25read75write0delete_4worker_16container_4096object_512KB_180sec_20151123192227,1,10,1,4,25,75,16,4096,0,66.91638888888889
1mon8osd_2driver_75read25write0delete_4worker_16container_4096object_512KB_180sec_20151124035652,1,8,2,4,75,25,16,4096,0,39.64305555555555
1mon20osd_1driver_10read90write0delete_2worker_16container_4096object_512KB_180sec_20151123100956,1,20,1,2,10,90,16,4096,0,41.83722222222222
1mon6osd_2driver_50read50write0delete_4worker_16container_4096object_512KB_180sec_20151124110538,1,6,2,4,50,50,16,4096,0,53.95055555555556
1mon4osd_1driver_100read0write0delete_8worker_16container_4096object_512KB_180sec_20151124164630,1,4,1,8,100,0,16,4096,0,0.0
1mon20osd_1driver_75read25write0delete_4worker_16container_4096object_512KB_180sec_20151123102950,1,20,1,4,75,25,16,4096,0,24.277777777777782
1mon10osd_2driver_90read10write0delete_4worker_16container_4096object_512KB_180sec_20151123204845,1,10,2,4,90,10,16,4096,0,23.444444444444443
1mon4osd_1driver_50read50write0delete_4worker_16container_4096object_512KB_180sec_20151124162732,1,4,1,4,50,50,16,4096,0,41.81527777777778
1mon10osd_2driver_50read50write0delete_16worker_16container_4096object_512KB_180sec_20151123220638,1,10,2,16,50,50,16,4096,0,75.85666666666667
1mon20osd_4driver_90read10write0delete_16worker_16container_4096object_512KB_180sec_20151123151054,1,20,4,16,90,10,16,4096,0,43.487837837837844
1mon30osd_1driver_10read90write0delete_1worker_16container_4096object_512KB_180sec_20151123014309,1,30,1,1,10,90,16,4096,0,24.49833333333333
1mon4osd_1driver_90read10write0delete_8worker_16container_4096object_512KB_180sec_20151124165100,1,4,1,8,90,10,16,4096,0,16.38222222222222
1mon8osd_1driver_0read100write0delete_1worker_16container_4096object_512KB_180sec_20151124013113,1,8,1,1,0,100,16,4096,0,29.970000000000002
1mon20osd_1driver_0read100write0delete_1worker_16container_4096object_512KB_180sec_20151123094030,1,20,1,1,0,100,16,4096,0,29.041944444444443
1mon8osd_2driver_25read75write0delete_4worker_16container_4096object_512KB_180sec_20151124040628,1,8,2,4,25,75,16,4096,0,68.34444444444445
1mon6osd_4driver_50read50write0delete_4worker_16container_4096object_512KB_180sec_20151124124716,1,6,4,4,50,50,16,4096,0,54.56111111111111
1mon10osd_1driver_90read10write0delete_1worker_16container_4096object_512KB_180sec_20151123180330,1,10,1,1,90,10,16,4096,0,4.025277777777777
1mon10osd_2driver_100read0write0delete_4worker_16container_4096object_512KB_180sec_20151123204409,1,10,2,4,100,0,16,4096,0,0.0
1mon10osd_2driver_0read100write0delete_8worker_16container_4096object_512KB_180sec_20151123214710,1,10,2,8,0,100,16,4096,0,78.29166666666666
1mon30osd_4driver_100read0write0delete_4worker_16container_4096object_512KB_180sec_20151123061356,1,30,4,4,100,0,16,4096,0,0.0
1mon4osd_2driver_0read100write0delete_8worker_16container_4096object_512KB_180sec_20151124185430,1,4,2,8,0,100,16,4096,0,70.04166666666669
1mon8osd_4driver_90read10write0delete_32worker_16container_4096object_512KB_180sec_20151124071948,1,8,4,32,90,10,16,4096,0,66.75783783783785
1mon4osd_1driver_10read90write0delete_1worker_16container_4096object_512KB_180sec_20151124153305,1,4,1,1,10,90,16,4096,0,27.8275
1mon20osd_2driver_10read90write0delete_4worker_16container_4096object_512KB_180sec_20151123123033,1,20,2,4,10,90,16,4096,0,64.28833333333333
1mon20osd_2driver_0read100write0delete_16worker_16container_4096object_512KB_180sec_20151123134735,1,20,2,16,0,100,16,4096,0,77.0538888888889
1mon20osd_2driver_100read0write0delete_2worker_16container_4096object_512KB_180sec_20151123113113,1,20,2,2,100,0,16,4096,0,0.0
1mon8osd_2driver_25read75write0delete_16worker_16container_4096object_512KB_180sec_20151124051408,1,8,2,16,25,75,16,4096,0,78.10702702702702
1mon8osd_4driver_0read100write0delete_8worker_16container_4096object_512KB_180sec_20151124063240,1,8,4,8,0,100,16,4096,0,76.27277777777778
1mon10osd_2driver_75read25write0delete_8worker_16container_4096object_512KB_180sec_20151123212723,1,10,2,8,75,25,16,4096,0,63.64388888888888
1mon4osd_2driver_100read0write0delete_2worker_16container_4096object_512KB_180sec_20151124172129,1,4,2,2,100,0,16,4096,0,0.0
1mon4osd_1driver_0read100write0delete_1worker_16container_4096object_512KB_180sec_20151124153737,1,4,1,1,0,100,16,4096,0,34.10527777777777
1mon6osd_4driver_10read90write0delete_16worker_16container_4096object_512KB_180sec_20151124140500,1,6,4,16,10,90,16,4096,0,76.99083333333334
1mon8osd_1driver_50read50write0delete_2worker_16container_4096object_512KB_180sec_20151124014927,1,8,1,2,50,50,16,4096,0,30.926388888888894
1mon6osd_2driver_50read50write0delete_16worker_16container_4096object_512KB_180sec_20151124121259,1,6,2,16,50,50,16,4096,0,73.53305555555555
1mon10osd_4driver_90read10write0delete_32worker_16container_4096object_512KB_180sec_20151124001511,1,10,4,32,90,10,16,4096,0,71.62055555555554
1mon20osd_1driver_0read100write0delete_4worker_16container_4096object_512KB_180sec_20151123104955,1,20,1,4,0,100,16,4096,0,68.24166666666665
1mon6osd_2driver_10read90write0delete_8worker_16container_4096object_512KB_180sec_20151124114858,1,6,2,8,10,90,16,4096,0,73.90416666666667
1mon8osd_4driver_0read100write0delete_32worker_16container_4096object_512KB_180sec_20151124074512,1,8,4,32,0,100,16,4096,0,76.96351351351353
1mon30osd_1driver_75read25write0delete_8worker_16container_4096object_512KB_180sec_20151123031652,1,30,1,8,75,25,16,4096,0,49.1475
1mon10osd_1driver_90read10write0delete_2worker_16container_4096object_512KB_180sec_20151123183538,1,10,1,2,90,10,16,4096,0,7.90888888888889
1mon4osd_2driver_25read75write0delete_2worker_16container_4096object_512KB_180sec_20151124173931,1,4,2,2,25,75,16,4096,0,35.63138888888889
1mon8osd_2driver_10read90write0delete_16worker_16container_4096object_512KB_180sec_20151124051907,1,8,2,16,10,90,16,4096,0,77.63297297297296
1mon10osd_4driver_0read100write0delete_8worker_16container_4096object_512KB_180sec_20151123233021,1,10,4,8,0,100,16,4096,0,76.18783783783783
1mon6osd_2driver_25read75write0delete_2worker_16container_4096object_512KB_180sec_20151124103745,1,6,2,2,25,75,16,4096,0,41.05916666666666
1mon10osd_4driver_75read25write0delete_16worker_16container_4096object_512KB_180sec_20151123234514,1,10,4,16,75,25,16,4096,0,76.52694444444442
1mon30osd_4driver_90read10write0delete_8worker_16container_4096object_512KB_180sec_20151123065830,1,30,4,8,90,10,16,4096,0,31.245277777777776
1mon4osd_4driver_100read0write0delete_16worker_16container_4096object_512KB_180sec_20151124203954,1,4,4,16,100,0,16,4096,0,0.0
1mon6osd_2driver_100read0write0delete_4worker_16container_4096object_512KB_180sec_20151124105152,1,6,2,4,100,0,16,4096,0,0.0
1mon10osd_4driver_100read0write0delete_8worker_16container_4096object_512KB_180sec_20151123230055,1,10,4,8,100,0,16,4096,0,0.0
1mon8osd_1driver_90read10write0delete_4worker_16container_4096object_512KB_180sec_20151124021244,1,8,1,4,90,10,16,4096,0,16.31361111111111
1mon4osd_1driver_25read75write0delete_2worker_16container_4096object_512KB_180sec_20151124160004,1,4,1,2,25,75,16,4096,0,36.80638888888889
1mon30osd_1driver_100read0write0delete_1worker_16container_4096object_512KB_180sec_20151123011618,1,30,1,1,100,0,16,4096,0,0.0
1mon20osd_4driver_75read25write0delete_32worker_16container_4096object_512KB_180sec_20151123155322,1,20,4,32,75,25,16,4096,0,75.02694444444444
1mon30osd_4driver_100read0write0delete_32worker_16container_4096object_512KB_180sec_20151123081006,1,30,4,32,100,0,16,4096,0,0.0
1mon30osd_2driver_0read100write0delete_16worker_16container_4096object_512KB_180sec_20151123060801,1,30,2,16,0,100,16,4096,0,75.37432432432433
1mon20osd_4driver_0read100write0delete_16worker_16container_4096object_512KB_180sec_20151123153733,1,20,4,16,0,100,16,4096,0,77.16000000000001
1mon4osd_4driver_0read100write0delete_8worker_16container_4096object_512KB_180sec_20151124203500,1,4,4,8,0,100,16,4096,0,71.025
1mon8osd_4driver_90read10write0delete_16worker_16container_4096object_512KB_180sec_20151124064310,1,8,4,16,90,10,16,4096,0,58.6236111111111
1mon30osd_4driver_25read75write0delete_8worker_16container_4096object_512KB_180sec_20151123071459,1,30,4,8,25,75,16,4096,0,75.40305555555555
1mon20osd_2driver_50read50write0delete_16worker_16container_4096object_512KB_180sec_20151123133157,1,20,2,16,50,50,16,4096,0,72.67081081081082
1mon6osd_1driver_90read10write0delete_1worker_16container_4096object_512KB_180sec_20151124081355,1,6,1,1,90,10,16,4096,0,3.613611111111111
1mon4osd_2driver_10read90write0delete_8worker_16container_4096object_512KB_180sec_20151124184938,1,4,2,8,10,90,16,4096,0,68.26277777777779
1mon6osd_1driver_0read100write0delete_2worker_16container_4096object_512KB_180sec_20151124090834,1,6,1,2,0,100,16,4096,0,49.101388888888884
1mon10osd_4driver_100read0write0delete_32worker_16container_4096object_512KB_180sec_20151124001025,1,10,4,32,100,0,16,4096,0,0.0
1mon20osd_4driver_100read0write0delete_16worker_16container_4096object_512KB_180sec_20151123150555,1,20,4,16,100,0,16,4096,0,0.0
1mon4osd_1driver_75read25write0delete_1worker_16container_4096object_512KB_180sec_20151124151937,1,4,1,1,75,25,16,4096,0,7.65611111111111
1mon10osd_1driver_100read0write0delete_8worker_16container_4096object_512KB_180sec_20151123193709,1,10,1,8,100,0,16,4096,0,0.0
1mon4osd_4driver_10read90write0delete_32worker_16container_4096object_512KB_180sec_20151124213747,1,4,4,32,10,90,16,4096,0,67.61729729729731
1mon30osd_4driver_0read100write0delete_32worker_16container_4096object_512KB_180sec_20151123084303,1,30,4,32,0,100,16,4096,0,72.62729729729729
1mon4osd_1driver_100read0write0delete_4worker_16container_4096object_512KB_180sec_20151124161359,1,4,1,4,100,0,16,4096,0,0.0
1mon4osd_2driver_90read10write0delete_8worker_16container_4096object_512KB_180sec_20151124183042,1,4,2,8,90,10,16,4096,0,17.80833333333333
1mon6osd_2driver_0read100write0delete_4worker_16container_4096object_512KB_180sec_20151124112008,1,6,2,4,0,100,16,4096,0,70.40749999999998
1mon20osd_4driver_50read50write0delete_8worker_16container_4096object_512KB_180sec_20151123144431,1,20,4,8,50,50,16,4096,0,72.7864864864865
1mon8osd_1driver_0read100write0delete_4worker_16container_4096object_512KB_180sec_20151124023617,1,8,1,4,0,100,16,4096,0,71.18351351351352
1mon20osd_1driver_75read25write0delete_1worker_16container_4096object_512KB_180sec_20151123092103,1,20,1,1,75,25,16,4096,0,6.821666666666666
1mon10osd_2driver_25read75write0delete_8worker_16container_4096object_512KB_180sec_20151123213721,1,10,2,8,25,75,16,4096,0,75.63361111111111
1mon10osd_4driver_10read90write0delete_4worker_16container_4096object_512KB_180sec_20151123225055,1,10,4,4,10,90,16,4096,0,69.185
1mon8osd_2driver_90read10write0delete_8worker_16container_4096object_512KB_180sec_20151124042548,1,8,2,8,90,10,16,4096,0,34.49194444444445
1mon20osd_1driver_25read75write0delete_8worker_16container_4096object_512KB_180sec_20151123111525,1,20,1,8,25,75,16,4096,0,73.06216216216217
1mon30osd_1driver_10read90write0delete_8worker_16container_4096object_512KB_180sec_20151123033301,1,30,1,8,10,90,16,4096,0,74.69305555555556
1mon4osd_2driver_25read75write0delete_16worker_16container_4096object_512KB_180sec_20151124191814,1,4,2,16,25,75,16,4096,0,69.40444444444444
1mon20osd_1driver_90read10write0delete_1worker_16container_4096object_512KB_180sec_20151123091611,1,20,1,1,90,10,16,4096,0,2.8202777777777777
1mon30osd_4driver_100read0write0delete_8worker_16container_4096object_512KB_180sec_20151123065253,1,30,4,8,100,0,16,4096,0,0.0
1mon4osd_4driver_90read10write0delete_8worker_16container_4096object_512KB_180sec_20151124201055,1,4,4,8,90,10,16,4096,0,18.074722222222224
1mon4osd_4driver_25read75write0delete_16worker_16container_4096object_512KB_180sec_20151124205853,1,4,4,16,25,75,16,4096,0,69.95722222222224
1mon30osd_4driver_0read100write0delete_16worker_16container_4096object_512KB_180sec_20151123080427,1,30,4,16,0,100,16,4096,0,77.73083333333332
1mon4osd_1driver_90read10write0delete_2worker_16container_4096object_512KB_180sec_20151124154638,1,4,1,2,90,10,16,4096,0,6.185
1mon30osd_2driver_50read50write0delete_2worker_16container_4096object_512KB_180sec_20151123035926,1,30,2,2,50,50,16,4096,0,29.12277777777778
1mon10osd_4driver_75read25write0delete_4worker_16container_4096object_512KB_180sec_20151123223613,1,10,4,4,75,25,16,4096,0,44.16500000000001
1mon30osd_1driver_100read0write0delete_4worker_16container_4096object_512KB_180sec_20151123022947,1,30,1,4,100,0,16,4096,0,0.0
1mon20osd_4driver_0read100write0delete_8worker_16container_4096object_512KB_180sec_20151123150033,1,20,4,8,0,100,16,4096,0,79.74916666666667
1mon10osd_2driver_25read75write0delete_16worker_16container_4096object_512KB_180sec_20151123221133,1,10,2,16,25,75,16,4096,0,77.21250000000002
1mon4osd_4driver_50read50write0delete_4worker_16container_4096object_512KB_180sec_20151124194700,1,4,4,4,50,50,16,4096,0,41.708055555555546
1mon30osd_2driver_75read25write0delete_4worker_16container_4096object_512KB_180sec_20151123043057,1,30,2,4,75,25,16,4096,0,34.86611111111111
1mon30osd_4driver_75read25write0delete_16worker_16container_4096object_512KB_180sec_20151123074225,1,30,4,16,75,25,16,4096,0,73.36111111111111
1mon20osd_2driver_10read90write0delete_8worker_16container_4096object_512KB_180sec_20151123130612,1,20,2,8,10,90,16,4096,0,76.6902777777778
1mon6osd_4driver_50read50write0delete_16worker_16container_4096object_512KB_180sec_20151124135505,1,6,4,16,50,50,16,4096,0,75.98027777777777
1mon4osd_2driver_75read25write0delete_16worker_16container_4096object_512KB_180sec_20151124190833,1,4,2,16,75,25,16,4096,0,52.23527777777778
1mon20osd_1driver_50read50write0delete_2worker_16container_4096object_512KB_180sec_20151123100011,1,20,1,2,50,50,16,4096,0,23.385555555555552
1mon30osd_1driver_50read50write0delete_4worker_16container_4096object_512KB_180sec_20151123024528,1,30,1,4,50,50,16,4096,0,43.91361111111112
1mon10osd_2driver_10read90write0delete_2worker_16container_4096object_512KB_180sec_20151123203432,1,10,2,2,10,90,16,4096,0,47.013333333333335
1mon4osd_1driver_0read100write0delete_8worker_16container_4096object_512KB_180sec_20151124171626,1,4,1,8,0,100,16,4096,0,69.45277777777778
1mon30osd_2driver_0read100write0delete_2worker_16container_4096object_512KB_180sec_20151123041515,1,30,2,2,0,100,16,4096,0,46.629999999999995
1mon6osd_4driver_75read25write0delete_32worker_16container_4096object_512KB_180sec_20151124142421,1,6,4,32,75,25,16,4096,0,73.09972222222221
1mon6osd_1driver_75read25write0delete_4worker_16container_4096object_512KB_180sec_20151124092225,1,6,1,4,75,25,16,4096,0,27.910833333333333
1mon4osd_1driver_75read25write0delete_8worker_16container_4096object_512KB_180sec_20151124165531,1,4,1,8,75,25,16,4096,0,26.111351351351352
1mon8osd_4driver_50read50write0delete_4worker_16container_4096object_512KB_180sec_20151124054336,1,8,4,4,50,50,16,4096,0,61.760000000000005
1mon6osd_2driver_0read100write0delete_16worker_16container_4096object_512KB_180sec_20151124122752,1,6,2,16,0,100,16,4096,0,76.27540540540541
1mon10osd_1driver_10read90write0delete_8worker_16container_4096object_512KB_180sec_20151123200106,1,10,1,8,10,90,16,4096,0,76.27583333333334
1mon8osd_4driver_50read50write0delete_32worker_16container_4096object_512KB_180sec_20151124072958,1,8,4,32,50,50,16,4096,0,73.92405405405404
1mon10osd_2driver_0read100write0delete_16worker_16container_4096object_512KB_180sec_20151123222124,1,10,2,16,0,100,16,4096,0,77.64722222222221
1mon6osd_2driver_25read75write0delete_4worker_16container_4096object_512KB_180sec_20151124111027,1,6,2,4,25,75,16,4096,0,64.3172222222222
1mon6osd_4driver_90read10write0delete_32worker_16container_4096object_512KB_180sec_20151124141926,1,6,4,32,90,10,16,4096,0,69.78777777777776
1mon30osd_1driver_25read75write0delete_8worker_16container_4096object_512KB_180sec_20151123032736,1,30,1,8,25,75,16,4096,0,75.51333333333334
1mon8osd_1driver_10read90write0delete_8worker_16container_4096object_512KB_180sec_20151124030500,1,8,1,8,10,90,16,4096,0,77.97805555555556
1mon6osd_4driver_90read10write0delete_8worker_16container_4096object_512KB_180sec_20151124131125,1,6,4,8,90,10,16,4096,0,33.37916666666666
1mon10osd_2driver_90read10write0delete_16worker_16container_4096object_512KB_180sec_20151123215642,1,10,2,16,90,10,16,4096,0,52.36305555555557
1mon10osd_4driver_100read0write0delete_16worker_16container_4096object_512KB_180sec_20151123233526,1,10,4,16,100,0,16,4096,0,0.0
1mon4osd_4driver_10read90write0delete_4worker_16container_4096object_512KB_180sec_20151124195635,1,4,4,4,10,90,16,4096,0,65.41583333333334
1mon30osd_4driver_90read10write0delete_4worker_16container_4096object_512KB_180sec_20151123061904,1,30,4,4,90,10,16,4096,0,17.31222222222222
1mon10osd_1driver_50read50write0delete_2worker_16container_4096object_512KB_180sec_20151123184448,1,10,1,2,50,50,16,4096,0,31.735555555555557
1mon10osd_1driver_75read25write0delete_1worker_16container_4096object_512KB_180sec_20151123180803,1,10,1,1,75,25,16,4096,0,9.206111111111113
1mon8osd_4driver_50read50write0delete_8worker_16container_4096object_512KB_180sec_20151124061735,1,8,4,8,50,50,16,4096,0,76.7938888888889
1mon6osd_4driver_10read90write0delete_4worker_16container_4096object_512KB_180sec_20151124125703,1,6,4,4,10,90,16,4096,0,70.43194444444445
1mon20osd_4driver_0read100write0delete_4worker_16container_4096object_512KB_180sec_20151123142344,1,20,4,4,0,100,16,4096,0,65.80527777777777
1mon4osd_2driver_50read50write0delete_16worker_16container_4096object_512KB_180sec_20151124191324,1,4,2,16,50,50,16,4096,0,64.79555555555555
1mon6osd_4driver_90read10write0delete_16worker_16container_4096object_512KB_180sec_20151124134519,1,6,4,16,90,10,16,4096,0,50.78944444444444
1mon20osd_1driver_50read50write0delete_8worker_16container_4096object_512KB_180sec_20151123111019,1,20,1,8,50,50,16,4096,0,67.17388888888888
1mon4osd_4driver_50read50write0delete_16worker_16container_4096object_512KB_180sec_20151124205359,1,4,4,16,50,50,16,4096,0,66.37833333333334
1mon30osd_4driver_75read25write0delete_32worker_16container_4096object_512KB_180sec_20151123082056,1,30,4,32,75,25,16,4096,0,73.64783783783786
1mon6osd_1driver_25read75write0delete_4worker_16container_4096object_512KB_180sec_20151124093142,1,6,1,4,25,75,16,4096,0,63.75472222222221
1mon6osd_2driver_0read100write0delete_2worker_16container_4096object_512KB_180sec_20151124104706,1,6,2,2,0,100,16,4096,0,51.78138888888889
1mon6osd_1driver_75read25write0delete_1worker_16container_4096object_512KB_180sec_20151124081827,1,6,1,1,75,25,16,4096,0,8.150277777777779
1mon4osd_1driver_25read75write0delete_1worker_16container_4096object_512KB_180sec_20151124152835,1,4,1,1,25,75,16,4096,0,21.826111111111107
1mon4osd_1driver_90read10write0delete_4worker_16container_4096object_512KB_180sec_20151124161831,1,4,1,4,90,10,16,4096,0,10.802777777777779
1mon20osd_4driver_0read100write0delete_32worker_16container_4096object_512KB_180sec_20151123161441,1,20,4,32,0,100,16,4096,0,77.0797222222222
1mon30osd_1driver_100read0write0delete_8worker_16container_4096object_512KB_180sec_20151123030628,1,30,1,8,100,0,16,4096,0,0.0
1mon8osd_2driver_100read0write0delete_2worker_16container_4096object_512KB_180sec_20151124031454,1,8,2,2,100,0,16,4096,0,0.0
1mon4osd_4driver_25read75write0delete_8worker_16container_4096object_512KB_180sec_20151124202508,1,4,4,8,25,75,16,4096,0,68.54777777777778
1mon4osd_1driver_90read10write0delete_1worker_16container_4096object_512KB_180sec_20151124151511,1,4,1,1,90,10,16,4096,0,3.471111111111112
1mon8osd_4driver_25read75write0delete_8worker_16container_4096object_512KB_180sec_20151124062230,1,8,4,8,25,75,16,4096,0,77.58388888888888
1mon10osd_4driver_90read10write0delete_8worker_16container_4096object_512KB_180sec_20151123230534,1,10,4,8,90,10,16,4096,0,41.75694444444445
1mon30osd_2driver_100read0write0delete_2worker_16container_4096object_512KB_180sec_20151123034407,1,30,2,2,100,0,16,4096,0,0.0
1mon4osd_2driver_25read75write0delete_8worker_16container_4096object_512KB_180sec_20151124184447,1,4,2,8,25,75,16,4096,0,68.51583333333333
1mon8osd_2driver_90read10write0delete_16worker_16container_4096object_512KB_180sec_20151124045936,1,8,2,16,90,10,16,4096,0,50.51027777777778
1mon8osd_1driver_50read50write0delete_8worker_16container_4096object_512KB_180sec_20151124025518,1,8,1,8,50,50,16,4096,0,73.62777777777778
1mon6osd_2driver_75read25write0delete_2worker_16container_4096object_512KB_180sec_20151124102836,1,6,2,2,75,25,16,4096,0,18.21722222222222
1mon4osd_2driver_50read50write0delete_4worker_16container_4096object_512KB_180sec_20151124180707,1,4,2,4,50,50,16,4096,0,43.77194444444445
1mon30osd_1driver_90read10write0delete_1worker_16container_4096object_512KB_180sec_20151123012242,1,30,1,1,90,10,16,4096,0,2.203611111111111
1mon10osd_1driver_50read50write0delete_8worker_16container_4096object_512KB_180sec_20151123195118,1,10,1,8,50,50,16,4096,0,74.815
1mon30osd_2driver_100read0write0delete_16worker_16container_4096object_512KB_180sec_20151123053506,1,30,2,16,100,0,16,4096,0,0.0
1mon20osd_4driver_10read90write0delete_32worker_16container_4096object_512KB_180sec_20151123160926,1,20,4,32,10,90,16,4096,0,75.6277777777778
1mon20osd_4driver_25read75write0delete_16worker_16container_4096object_512KB_180sec_20151123152651,1,20,4,16,25,75,16,4096,0,75.98444444444446
1mon20osd_4driver_50read50write0delete_4worker_16container_4096object_512KB_180sec_20151123140811,1,20,4,4,50,50,16,4096,0,50.28638888888889
1mon20osd_1driver_0read100write0delete_2worker_16container_4096object_512KB_180sec_20151123101456,1,20,1,2,0,100,16,4096,0,47.42166666666666
1mon30osd_1driver_90read10write0delete_2worker_16container_4096object_512KB_180sec_20151123015838,1,30,1,2,90,10,16,4096,0,5.735833333333333
1mon6osd_2driver_10read90write0delete_4worker_16container_4096object_512KB_180sec_20151124111518,1,6,2,4,10,90,16,4096,0,70.2738888888889
1mon4osd_2driver_10read90write0delete_2worker_16container_4096object_512KB_180sec_20151124174409,1,4,2,2,10,90,16,4096,0,45.44583333333333
1mon8osd_1driver_0read100write0delete_2worker_16container_4096object_512KB_180sec_20151124020330,1,8,1,2,0,100,16,4096,0,49.75055555555556
1mon6osd_1driver_0read100write0delete_8worker_16container_4096object_512KB_180sec_20151124101427,1,6,1,8,0,100,16,4096,0,78.31138888888887
1mon30osd_1driver_25read75write0delete_2worker_16container_4096object_512KB_180sec_20151123021407,1,30,1,2,25,75,16,4096,0,33.6413888888889
1mon8osd_2driver_100read0write0delete_16worker_16container_4096object_512KB_180sec_20151124045503,1,8,2,16,100,0,16,4096,0,0.0
1mon4osd_2driver_90read10write0delete_16worker_16container_4096object_512KB_180sec_20151124190355,1,4,2,16,90,10,16,4096,0,27.50027777777778
1mon20osd_4driver_90read10write0delete_8worker_16container_4096object_512KB_180sec_20151123143405,1,20,4,8,90,10,16,4096,0,32.514722222222225
1mon30osd_1driver_75read25write0delete_2worker_16container_4096object_512KB_180sec_20151123020346,1,30,1,2,75,25,16,4096,0,12.579722222222223
1mon6osd_2driver_100read0write0delete_16worker_16container_4096object_512KB_180sec_20151124115845,1,6,2,16,100,0,16,4096,0,0.0
1mon30osd_4driver_25read75write0delete_16worker_16container_4096object_512KB_180sec_20151123075332,1,30,4,16,25,75,16,4096,0,75.58527777777779
1mon20osd_2driver_100read0write0delete_4worker_16container_4096object_512KB_180sec_20151123120548,1,20,2,4,100,0,16,4096,0,0.0
1mon30osd_1driver_50read50write0delete_1worker_16container_4096object_512KB_180sec_20151123013302,1,30,1,1,50,50,16,4096,0,13.360833333333332
1mon8osd_4driver_75read25write0delete_4worker_16container_4096object_512KB_180sec_20151124053846,1,8,4,4,75,25,16,4096,0,44.400555555555556
1mon8osd_4driver_75read25write0delete_32worker_16container_4096object_512KB_180sec_20151124072454,1,8,4,32,75,25,16,4096,0,73.7388888888889
1mon4osd_1driver_0read100write0delete_2worker_16container_4096object_512KB_180sec_20151124160918,1,4,1,2,0,100,16,4096,0,51.51916666666666
1mon4osd_4driver_100read0write0delete_4worker_16container_4096object_512KB_180sec_20151124193315,1,4,4,4,100,0,16,4096,0,0.0
1mon30osd_4driver_90read10write0delete_32worker_16container_4096object_512KB_180sec_20151123081523,1,30,4,32,90,10,16,4096,0,69.45805555555557
1mon8osd_1driver_90read10write0delete_1worker_16container_4096object_512KB_180sec_20151124010825,1,8,1,1,90,10,16,4096,0,5.004722222222222
1mon6osd_1driver_0read100write0delete_4worker_16container_4096object_512KB_180sec_20151124094118,1,6,1,4,0,100,16,4096,0,73.7263888888889
1mon30osd_1driver_0read100write0delete_4worker_16container_4096object_512KB_180sec_20151123030112,1,30,1,4,0,100,16,4096,0,68.20277777777777
1mon6osd_4driver_25read75write0delete_8worker_16container_4096object_512KB_180sec_20151124132559,1,6,4,8,25,75,16,4096,0,78.24361111111111
1mon6osd_4driver_100read0write0delete_16worker_16container_4096object_512KB_180sec_20151124134046,1,6,4,16,100,0,16,4096,0,0.0
1mon10osd_2driver_10read90write0delete_4worker_16container_4096object_512KB_180sec_20151123210807,1,10,2,4,10,90,16,4096,0,70.33138888888888
1mon4osd_1driver_100read0write0delete_2worker_16container_4096object_512KB_180sec_20151124154212,1,4,1,2,100,0,16,4096,0,0.0
1mon20osd_4driver_10read90write0delete_16worker_16container_4096object_512KB_180sec_20151123153211,1,20,4,16,10,90,16,4096,0,76.38135135135134
1mon10osd_4driver_25read75write0delete_4worker_16container_4096object_512KB_180sec_20151123224558,1,10,4,4,25,75,16,4096,0,66.73888888888888
1mon30osd_4driver_90read10write0delete_16worker_16container_4096object_512KB_180sec_20151123073642,1,30,4,16,90,10,16,4096,0,43.508108108108104
1mon30osd_1driver_75read25write0delete_1worker_16container_4096object_512KB_180sec_20151123012755,1,30,1,1,75,25,16,4096,0,6.962777777777777
1mon8osd_4driver_90read10write0delete_8worker_16container_4096object_512KB_180sec_20151124060753,1,8,4,8,90,10,16,4096,0,42.11388888888889
1mon6osd_1driver_10read90write0delete_1worker_16container_4096object_512KB_180sec_20151124083157,1,6,1,1,10,90,16,4096,0,26.793055555555554
1mon30osd_4driver_10read90write0delete_4worker_16container_4096object_512KB_180sec_20151123064122,1,30,4,4,10,90,16,4096,0,61.79083333333334
1mon4osd_1driver_25read75write0delete_4worker_16container_4096object_512KB_180sec_20151124163209,1,4,1,4,25,75,16,4096,0,57.247567567567565
1mon6osd_2driver_90read10write0delete_16worker_16container_4096object_512KB_180sec_20151124120319,1,6,2,16,90,10,16,4096,0,36.96
1mon6osd_4driver_0read100write0delete_4worker_16container_4096object_512KB_180sec_20151124130158,1,6,4,4,0,100,16,4096,0,70.41194444444443
1mon6osd_1driver_50read50write0delete_8worker_16container_4096object_512KB_180sec_20151124100000,1,6,1,8,50,50,16,4096,0,71.06250000000001
1mon10osd_2driver_10read90write0delete_16worker_16container_4096object_512KB_180sec_20151123221627,1,10,2,16,10,90,16,4096,0,79.17000000000002
1mon8osd_2driver_10read90write0delete_2worker_16container_4096object_512KB_180sec_20151124033758,1,8,2,2,10,90,16,4096,0,47.62138888888888
1mon20osd_4driver_10read90write0delete_4worker_16container_4096object_512KB_180sec_20151123141832,1,20,4,4,10,90,16,4096,0,63.065000000000005
1mon4osd_4driver_10read90write0delete_16worker_16container_4096object_512KB_180sec_20151124210346,1,4,4,16,10,90,16,4096,0,69.0891891891892
1mon8osd_2driver_25read75write0delete_2worker_16container_4096object_512KB_180sec_20151124033316,1,8,2,2,25,75,16,4096,0,43.032500000000006
1mon8osd_1driver_75read25write0delete_8worker_16container_4096object_512KB_180sec_20151124025029,1,8,1,8,75,25,16,4096,0,55.38999999999999
1mon8osd_4driver_10read90write0delete_4worker_16container_4096object_512KB_180sec_20151124055325,1,8,4,4,10,90,16,4096,0,72.26694444444443
1mon10osd_4driver_10read90write0delete_32worker_16container_4096object_512KB_180sec_20151124003530,1,10,4,32,10,90,16,4096,0,75.75513513513513
1mon20osd_2driver_75read25write0delete_16worker_16container_4096object_512KB_180sec_20151123132640,1,20,2,16,75,25,16,4096,0,67.77783783783784
1mon10osd_4driver_0read100write0delete_32worker_16container_4096object_512KB_180sec_20151124004040,1,10,4,32,0,100,16,4096,0,78.22472222222223
1mon4osd_2driver_75read25write0delete_2worker_16container_4096object_512KB_180sec_20151124173027,1,4,2,2,75,25,16,4096,0,13.774999999999999
1mon8osd_4driver_25read75write0delete_4worker_16container_4096object_512KB_180sec_20151124054828,1,8,4,4,25,75,16,4096,0,69.37083333333334
1mon10osd_1driver_100read0write0delete_4worker_16container_4096object_512KB_180sec_20151123190345,1,10,1,4,100,0,16,4096,0,0.0
1mon10osd_1driver_75read25write0delete_8worker_16container_4096object_512KB_180sec_20151123194628,1,10,1,8,75,25,16,4096,0,57.219166666666666
1mon10osd_2driver_25read75write0delete_2worker_16container_4096object_512KB_180sec_20151123202945,1,10,2,2,25,75,16,4096,0,44.037777777777784
1mon30osd_4driver_25read75write0delete_4worker_16container_4096object_512KB_180sec_20151123063535,1,30,4,4,25,75,16,4096,0,61.11972222222222
1mon8osd_4driver_0read100write0delete_16worker_16container_4096object_512KB_180sec_20151124071007,1,8,4,16,0,100,16,4096,0,79.34472222222223
1mon6osd_4driver_50read50write0delete_32worker_16container_4096object_512KB_180sec_20151124142919,1,6,4,32,50,50,16,4096,0,76.91837837837836
1mon6osd_1driver_10read90write0delete_4worker_16container_4096object_512KB_180sec_20151124093626,1,6,1,4,10,90,16,4096,0,66.34594594594596
1mon6osd_4driver_100read0write0delete_32worker_16container_4096object_512KB_180sec_20151124141450,1,6,4,32,100,0,16,4096,0,0.0
1mon30osd_2driver_25read75write0delete_2worker_16container_4096object_512KB_180sec_20151123040439,1,30,2,2,25,75,16,4096,0,38.92305555555556
1mon4osd_1driver_50read50write0delete_1worker_16container_4096object_512KB_180sec_20151124152404,1,4,1,1,50,50,16,4096,0,14.31777777777778
1mon6osd_4driver_0read100write0delete_8worker_16container_4096object_512KB_180sec_20151124133552,1,6,4,8,0,100,16,4096,0,78.19583333333334
1mon8osd_2driver_100read0write0delete_4worker_16container_4096object_512KB_180sec_20151124034734,1,8,2,4,100,0,16,4096,0,0.0
1mon6osd_2driver_10read90write0delete_16worker_16container_4096object_512KB_180sec_20151124122250,1,6,2,16,10,90,16,4096,0,75.40027027027028
1mon30osd_4driver_100read0write0delete_16worker_16container_4096object_512KB_180sec_20151123073126,1,30,4,16,100,0,16,4096,0,0.0
1mon6osd_4driver_75read25write0delete_4worker_16container_4096object_512KB_180sec_20151124124232,1,6,4,4,75,25,16,4096,0,35.656666666666666
1mon6osd_1driver_100read0write0delete_1worker_16container_4096object_512KB_180sec_20151124080915,1,6,1,1,100,0,16,4096,0,0.0
1mon20osd_2driver_50read50write0delete_2worker_16container_4096object_512KB_180sec_20151123114555,1,20,2,2,50,50,16,4096,0,26.10222222222222
1mon10osd_1driver_90read10write0delete_8worker_16container_4096object_512KB_180sec_20151123194145,1,10,1,8,90,10,16,4096,0,27.576666666666668
1mon6osd_4driver_10read90write0delete_32worker_16container_4096object_512KB_180sec_20151124143916,1,6,4,32,10,90,16,4096,0,77.14833333333335
1mon30osd_2driver_90read10write0delete_16worker_16container_4096object_512KB_180sec_20151123054023,1,30,2,16,90,10,16,4096,0,46.72324324324324
1mon30osd_1driver_90read10write0delete_4worker_16container_4096object_512KB_180sec_20151123023502,1,30,1,4,90,10,16,4096,0,10.681666666666665
1mon4osd_4driver_50read50write0delete_8worker_16container_4096object_512KB_180sec_20151124202017,1,4,4,8,50,50,16,4096,0,59.42472222222222
1mon20osd_1driver_50read50write0delete_4worker_16container_4096object_512KB_180sec_20151123103443,1,20,1,4,50,50,16,4096,0,41.379729729729725
1mon20osd_4driver_100read0write0delete_32worker_16container_4096object_512KB_180sec_20151123154254,1,20,4,32,100,0,16,4096,0,0.0
1mon6osd_1driver_25read75write0delete_2worker_16container_4096object_512KB_180sec_20151124085916,1,6,1,2,25,75,16,4096,0,38.75666666666667
1mon4osd_2driver_0read100write0delete_16worker_16container_4096object_512KB_180sec_20151124192802,1,4,2,16,0,100,16,4096,0,69.6202777777778
1mon30osd_4driver_0read100write0delete_8worker_16container_4096object_512KB_180sec_20151123072557,1,30,4,8,0,100,16,4096,0,76.03305555555556
1mon6osd_1driver_100read0write0delete_8worker_16container_4096object_512KB_180sec_20151124094606,1,6,1,8,100,0,16,4096,0,0.0
1mon10osd_4driver_50read50write0delete_8worker_16container_4096object_512KB_180sec_20151123231521,1,10,4,8,50,50,16,4096,0,73.14361111111111
1mon20osd_1driver_100read0write0delete_8worker_16container_4096object_512KB_180sec_20151123105500,1,20,1,8,100,0,16,4096,0,0.0
1mon6osd_1driver_100read0write0delete_2worker_16container_4096object_512KB_180sec_20151124084103,1,6,1,2,100,0,16,4096,0,0.0
1mon10osd_2driver_0read100write0delete_4worker_16container_4096object_512KB_180sec_20151123211301,1,10,2,4,0,100,16,4096,0,72.63944444444444
1mon20osd_1driver_25read75write0delete_2worker_16container_4096object_512KB_180sec_20151123100504,1,20,1,2,25,75,16,4096,0,35.06166666666667
1mon30osd_2driver_10read90write0delete_16worker_16container_4096object_512KB_180sec_20151123060236,1,30,2,16,10,90,16,4096,0,75.49111111111111
1mon20osd_2driver_10read90write0delete_16worker_16container_4096object_512KB_180sec_20151123134227,1,20,2,16,10,90,16,4096,0,77.9927777777778
1mon6osd_1driver_50read50write0delete_4worker_16container_4096object_512KB_180sec_20151124092701,1,6,1,4,50,50,16,4096,0,48.56833333333334
1mon4osd_2driver_10read90write0delete_4worker_16container_4096object_512KB_180sec_20151124181634,1,4,2,4,10,90,16,4096,0,66.0436111111111
1mon6osd_1driver_75read25write0delete_8worker_16container_4096object_512KB_180sec_20151124095519,1,6,1,8,75,25,16,4096,0,47.18388888888889
1mon4osd_2driver_50read50write0delete_8worker_16container_4096object_512KB_180sec_20151124183954,1,4,2,8,50,50,16,4096,0,58.41108108108107
1mon4osd_1driver_10read90write0delete_4worker_16container_4096object_512KB_180sec_20151124163657,1,4,1,4,10,90,16,4096,0,66.05222222222221
1mon8osd_1driver_100read0write0delete_2worker_16container_4096object_512KB_180sec_20151124013553,1,8,1,2,100,0,16,4096,0,0.0
1mon6osd_1driver_10read90write0delete_2worker_16container_4096object_512KB_180sec_20151124090353,1,6,1,2,10,90,16,4096,0,44.323333333333345
1mon8osd_1driver_25read75write0delete_4worker_16container_4096object_512KB_180sec_20151124022642,1,8,1,4,25,75,16,4096,0,65.83444444444444
1mon10osd_4driver_50read50write0delete_32worker_16container_4096object_512KB_180sec_20151124002518,1,10,4,32,50,50,16,4096,0,76.80864864864864
1mon6osd_1driver_90read10write0delete_2worker_16container_4096object_512KB_180sec_20151124084537,1,6,1,2,90,10,16,4096,0,6.9430555555555555
1mon30osd_4driver_50read50write0delete_4worker_16container_4096object_512KB_180sec_20151123062956,1,30,4,4,50,50,16,4096,0,51.11583333333333
1mon8osd_1driver_100read0write0delete_1worker_16container_4096object_512KB_180sec_20151124010347,1,8,1,1,100,0,16,4096,0,0.0
1mon8osd_2driver_50read50write0delete_16worker_16container_4096object_512KB_180sec_20151124050916,1,8,2,16,50,50,16,4096,0,77.13111111111111
1mon20osd_4driver_25read75write0delete_4worker_16container_4096object_512KB_180sec_20151123141320,1,20,4,4,25,75,16,4096,0,59.59416666666667
1mon20osd_1driver_100read0write0delete_4worker_16container_4096object_512KB_180sec_20151123101954,1,20,1,4,100,0,16,4096,0,0.0
1mon4osd_4driver_75read25write0delete_32worker_16container_4096object_512KB_180sec_20151124212254,1,4,4,32,75,25,16,4096,0,59.62166666666667
1mon8osd_1driver_90read10write0delete_2worker_16container_4096object_512KB_180sec_20151124014022,1,8,1,2,90,10,16,4096,0,8.06
1mon4osd_2driver_100read0write0delete_8worker_16container_4096object_512KB_180sec_20151124182610,1,4,2,8,100,0,16,4096,0,0.0
1mon10osd_1driver_50read50write0delete_1worker_16container_4096object_512KB_180sec_20151123181236,1,10,1,1,50,50,16,4096,0,17.10111111111111
1mon10osd_4driver_10read90write0delete_8worker_16container_4096object_512KB_180sec_20151123232521,1,10,4,8,10,90,16,4096,0,79.22972222222222
1mon6osd_2driver_75read25write0delete_16worker_16container_4096object_512KB_180sec_20151124120803,1,6,2,16,75,25,16,4096,0,67.14583333333334
