,mon,osd,driver,worker,read,write,container,object,size,op-write
1mon20osd_1driver_10read90write0delete_8worker_16container_4096object_512KB_180sec_20151123112037,1,20,1,8,10,90,16,4096,0,371.77777777777777
1mon20osd_2driver_75read25write0delete_2worker_16container_4096object_512KB_180sec_20151123114057,1,20,2,2,75,25,16,4096,0,77.97222222222223
1mon20osd_4driver_25read75write0delete_32worker_16container_4096object_512KB_180sec_20151123160404,1,20,4,32,25,75,16,4096,0,368.43243243243245
1mon6osd_1driver_50read50write0delete_1worker_16container_4096object_512KB_180sec_20151124082255,1,6,1,1,50,50,16,4096,0,73.91666666666667
1mon20osd_1driver_0read100write0delete_8worker_16container_4096object_512KB_180sec_20151123112545,1,20,1,8,0,100,16,4096,0,365.81081081081084
1mon8osd_1driver_100read0write0delete_4worker_16container_4096object_512KB_180sec_20151124020812,1,8,1,4,100,0,16,4096,0,0.0
1mon4osd_4driver_90read10write0delete_32worker_16container_4096object_512KB_180sec_20151124211807,1,4,4,32,90,10,16,4096,0,189.86111111111111
1mon20osd_4driver_75read25write0delete_8worker_16container_4096object_512KB_180sec_20151123143916,1,20,4,8,75,25,16,4096,0,297.97222222222223
1mon6osd_1driver_100read0write0delete_4worker_16container_4096object_512KB_180sec_20151124091314,1,6,1,4,100,0,16,4096,0,0.0
1mon20osd_2driver_90read10write0delete_16worker_16container_4096object_512KB_180sec_20151123132130,1,20,2,16,90,10,16,4096,0,179.13513513513513
1mon20osd_1driver_25read75write0delete_4worker_16container_4096object_512KB_180sec_20151123103947,1,20,1,4,25,75,16,4096,0,279.9166666666667
1mon8osd_4driver_10read90write0delete_8worker_16container_4096object_512KB_180sec_20151124062726,1,8,4,8,10,90,16,4096,0,392.3333333333333
1mon6osd_1driver_75read25write0delete_2worker_16container_4096object_512KB_180sec_20151124085006,1,6,1,2,75,25,16,4096,0,71.63888888888889
1mon30osd_2driver_50read50write0delete_8worker_16container_4096object_512KB_180sec_20151123051318,1,30,2,8,50,50,16,4096,0,349.3333333333333
1mon20osd_4driver_75read25write0delete_4worker_16container_4096object_512KB_180sec_20151123140308,1,20,4,4,75,25,16,4096,0,166.63888888888889
1mon10osd_1driver_10read90write0delete_4worker_16container_4096object_512KB_180sec_20151123192719,1,10,1,4,10,90,16,4096,0,336.9166666666667
1mon8osd_1driver_50read50write0delete_4worker_16container_4096object_512KB_180sec_20151124022159,1,8,1,4,50,50,16,4096,0,254.72222222222223
1mon4osd_4driver_50read50write0delete_32worker_16container_4096object_512KB_180sec_20151124212749,1,4,4,32,50,50,16,4096,0,318.5405405405405
1mon10osd_4driver_75read25write0delete_32worker_16container_4096object_512KB_180sec_20151124002009,1,10,4,32,75,25,16,4096,0,377.2162162162162
1mon30osd_1driver_25read75write0delete_1worker_16container_4096object_512KB_180sec_20151123013804,1,30,1,1,25,75,16,4096,0,93.44444444444444
1mon6osd_1driver_50read50write0delete_2worker_16container_4096object_512KB_180sec_20151124085438,1,6,1,2,50,50,16,4096,0,131.88888888888889
1mon10osd_2driver_100read0write0delete_8worker_16container_4096object_512KB_180sec_20151123211756,1,10,2,8,100,0,16,4096,0,0.0
1mon6osd_2driver_75read25write0delete_8worker_16container_4096object_512KB_180sec_20151124113411,1,6,2,8,75,25,16,4096,0,267.80555555555554
1mon8osd_2driver_50read50write0delete_2worker_16container_4096object_512KB_180sec_20151124032835,1,8,2,2,50,50,16,4096,0,170.77777777777777
1mon10osd_4driver_10read90write0delete_16worker_16container_4096object_512KB_180sec_20151124000021,1,10,4,16,10,90,16,4096,0,382.8888888888889
1mon10osd_1driver_25read75write0delete_8worker_16container_4096object_512KB_180sec_20151123195610,1,10,1,8,25,75,16,4096,0,373.30555555555554
1mon6osd_4driver_100read0write0delete_8worker_16container_4096object_512KB_180sec_20151124130651,1,6,4,8,100,0,16,4096,0,0.0
1mon20osd_2driver_90read10write0delete_2worker_16container_4096object_512KB_180sec_20151123113603,1,20,2,2,90,10,16,4096,0,35.138888888888886
1mon6osd_4driver_0read100write0delete_16worker_16container_4096object_512KB_180sec_20151124140955,1,6,4,16,0,100,16,4096,0,387.05555555555554
1mon8osd_2driver_0read100write0delete_8worker_16container_4096object_512KB_180sec_20151124045010,1,8,2,8,0,100,16,4096,0,390.0
1mon10osd_4driver_90read10write0delete_16worker_16container_4096object_512KB_180sec_20151123234011,1,10,4,16,90,10,16,4096,0,289.02777777777777
1mon30osd_1driver_10read90write0delete_4worker_16container_4096object_512KB_180sec_20151123025555,1,30,1,4,10,90,16,4096,0,318.6388888888889
1mon8osd_4driver_100read0write0delete_32worker_16container_4096object_512KB_180sec_20151124071508,1,8,4,32,100,0,16,4096,0,0.0
1mon20osd_2driver_90read10write0delete_4worker_16container_4096object_512KB_180sec_20151123121036,1,20,2,4,90,10,16,4096,0,65.69444444444444
1mon10osd_2driver_75read25write0delete_2worker_16container_4096object_512KB_180sec_20151123202022,1,10,2,2,75,25,16,4096,0,122.16666666666667
1mon8osd_2driver_10read90write0delete_4worker_16container_4096object_512KB_180sec_20151124041121,1,8,2,4,10,90,16,4096,0,346.77777777777777
1mon6osd_4driver_25read75write0delete_4worker_16container_4096object_512KB_180sec_20151124125209,1,6,4,4,25,75,16,4096,0,307.30555555555554
1mon20osd_4driver_90read10write0delete_32worker_16container_4096object_512KB_180sec_20151123154752,1,20,4,32,90,10,16,4096,0,288.81081081081084
1mon4osd_2driver_0read100write0delete_4worker_16container_4096object_512KB_180sec_20151124182122,1,4,2,4,0,100,16,4096,0,333.22222222222223
1mon30osd_2driver_75read25write0delete_8worker_16container_4096object_512KB_180sec_20151123050757,1,30,2,8,75,25,16,4096,0,282.6111111111111
1mon4osd_1driver_50read50write0delete_8worker_16container_4096object_512KB_180sec_20151124170052,1,4,1,8,50,50,16,4096,0,257.47222222222223
1mon4osd_2driver_100read0write0delete_16worker_16container_4096object_512KB_180sec_20151124185926,1,4,2,16,100,0,16,4096,0,0.0
1mon6osd_4driver_100read0write0delete_4worker_16container_4096object_512KB_180sec_20151124123320,1,6,4,4,100,0,16,4096,0,0.0
1mon30osd_4driver_75read25write0delete_8worker_16container_4096object_512KB_180sec_20151123070402,1,30,4,8,75,25,16,4096,0,291.44444444444446
1mon8osd_2driver_0read100write0delete_4worker_16container_4096object_512KB_180sec_20151124041615,1,8,2,4,0,100,16,4096,0,352.8888888888889
1mon6osd_2driver_25read75write0delete_16worker_16container_4096object_512KB_180sec_20151124121755,1,6,2,16,25,75,16,4096,0,378.25
1mon8osd_4driver_25read75write0delete_16worker_16container_4096object_512KB_180sec_20151124070002,1,8,4,16,25,75,16,4096,0,381.19444444444446
1mon6osd_2driver_50read50write0delete_2worker_16container_4096object_512KB_180sec_20151124103309,1,6,2,2,50,50,16,4096,0,148.33333333333334
1mon20osd_1driver_25read75write0delete_1worker_16container_4096object_512KB_180sec_20151123093050,1,20,1,1,25,75,16,4096,0,93.94444444444444
1mon10osd_1driver_75read25write0delete_4worker_16container_4096object_512KB_180sec_20151123191257,1,10,1,4,75,25,16,4096,0,176.0
1mon30osd_1driver_75read25write0delete_4worker_16container_4096object_512KB_180sec_20151123024016,1,30,1,4,75,25,16,4096,0,116.75
1mon8osd_1driver_90read10write0delete_8worker_16container_4096object_512KB_180sec_20151124024548,1,8,1,8,90,10,16,4096,0,130.83333333333334
1mon30osd_1driver_0read100write0delete_8worker_16container_4096object_512KB_180sec_20151123033830,1,30,1,8,0,100,16,4096,0,377.1388888888889
1mon20osd_1driver_100read0write0delete_1worker_16container_4096object_512KB_180sec_20151123091023,1,20,1,1,100,0,16,4096,0,0.0
1mon30osd_2driver_0read100write0delete_8worker_16container_4096object_512KB_180sec_20151123052936,1,30,2,8,0,100,16,4096,0,369.6388888888889
1mon4osd_4driver_0read100write0delete_16worker_16container_4096object_512KB_180sec_20151124210841,1,4,4,16,0,100,16,4096,0,339.13513513513516
1mon4osd_1driver_10read90write0delete_2worker_16container_4096object_512KB_180sec_20151124160440,1,4,1,2,10,90,16,4096,0,219.72222222222223
1mon8osd_2driver_90read10write0delete_4worker_16container_4096object_512KB_180sec_20151124035213,1,8,2,4,90,10,16,4096,0,106.63888888888889
1mon10osd_4driver_25read75write0delete_16worker_16container_4096object_512KB_180sec_20151123235518,1,10,4,16,25,75,16,4096,0,382.7837837837838
1mon10osd_2driver_50read50write0delete_8worker_16container_4096object_512KB_180sec_20151123213220,1,10,2,8,50,50,16,4096,0,372.56756756756755
1mon8osd_2driver_50read50write0delete_4worker_16container_4096object_512KB_180sec_20151124040137,1,8,2,4,50,50,16,4096,0,287.1666666666667
1mon8osd_1driver_10read90write0delete_4worker_16container_4096object_512KB_180sec_20151124023129,1,8,1,4,10,90,16,4096,0,340.3611111111111
1mon10osd_1driver_25read75write0delete_1worker_16container_4096object_512KB_180sec_20151123181711,1,10,1,1,25,75,16,4096,0,113.30555555555556
1mon20osd_1driver_75read25write0delete_2worker_16container_4096object_512KB_180sec_20151123095523,1,20,1,2,75,25,16,4096,0,60.72222222222222
1mon6osd_4driver_90read10write0delete_4worker_16container_4096object_512KB_180sec_20151124123753,1,6,4,4,90,10,16,4096,0,84.13888888888889
1mon10osd_1driver_75read25write0delete_2worker_16container_4096object_512KB_180sec_20151123184012,1,10,1,2,75,25,16,4096,0,87.63888888888889
1mon20osd_4driver_50read50write0delete_16worker_16container_4096object_512KB_180sec_20151123152132,1,20,4,16,50,50,16,4096,0,369.1666666666667
1mon10osd_4driver_0read100write0delete_4worker_16container_4096object_512KB_180sec_20151123225553,1,10,4,4,0,100,16,4096,0,342.97222222222223
1mon6osd_1driver_25read75write0delete_8worker_16container_4096object_512KB_180sec_20151124100448,1,6,1,8,25,75,16,4096,0,376.8333333333333
1mon8osd_4driver_10read90write0delete_16worker_16container_4096object_512KB_180sec_20151124070510,1,8,4,16,10,90,16,4096,0,384.19444444444446
1mon20osd_2driver_75read25write0delete_8worker_16container_4096object_512KB_180sec_20151123125046,1,20,2,8,75,25,16,4096,0,255.05555555555554
1mon10osd_1driver_100read0write0delete_2worker_16container_4096object_512KB_180sec_20151123183106,1,10,1,2,100,0,16,4096,0,0.0
1mon10osd_4driver_25read75write0delete_8worker_16container_4096object_512KB_180sec_20151123232021,1,10,4,8,25,75,16,4096,0,368.8611111111111
1mon8osd_4driver_90read10write0delete_4worker_16container_4096object_512KB_180sec_20151124053404,1,8,4,4,90,10,16,4096,0,124.02777777777777
1mon6osd_1driver_90read10write0delete_4worker_16container_4096object_512KB_180sec_20151124091746,1,6,1,4,90,10,16,4096,0,65.58333333333333
1mon30osd_2driver_100read0write0delete_8worker_16container_4096object_512KB_180sec_20151123045733,1,30,2,8,100,0,16,4096,0,0.0
1mon8osd_1driver_25read75write0delete_1worker_16container_4096object_512KB_180sec_20151124012206,1,8,1,1,25,75,16,4096,0,111.55555555555556
1mon30osd_4driver_10read90write0delete_32worker_16container_4096object_512KB_180sec_20151123083733,1,30,4,32,10,90,16,4096,0,364.6216216216216
1mon30osd_2driver_75read25write0delete_16worker_16container_4096object_512KB_180sec_20151123054601,1,30,2,16,75,25,16,4096,0,343.5135135135135
1mon20osd_1driver_50read50write0delete_1worker_16container_4096object_512KB_180sec_20151123092555,1,20,1,1,50,50,16,4096,0,61.52777777777778
1mon10osd_4driver_50read50write0delete_16worker_16container_4096object_512KB_180sec_20151123235013,1,10,4,16,50,50,16,4096,0,384.2162162162162
1mon8osd_1driver_25read75write0delete_2worker_16container_4096object_512KB_180sec_20151124015403,1,8,1,2,25,75,16,4096,0,197.47222222222223
1mon20osd_4driver_90read10write0delete_4worker_16container_4096object_512KB_180sec_20151123135806,1,20,4,4,90,10,16,4096,0,82.16666666666667
1mon20osd_2driver_50read50write0delete_4worker_16container_4096object_512KB_180sec_20151123122027,1,20,2,4,50,50,16,4096,0,233.11111111111111
1mon20osd_2driver_0read100write0delete_8worker_16container_4096object_512KB_180sec_20151123131125,1,20,2,8,0,100,16,4096,0,369.5405405405405
1mon8osd_4driver_100read0write0delete_16worker_16container_4096object_512KB_180sec_20151124063746,1,8,4,16,100,0,16,4096,0,0.0
1mon4osd_2driver_90read10write0delete_2worker_16container_4096object_512KB_180sec_20151124172557,1,4,2,2,90,10,16,4096,0,28.88888888888889
1mon30osd_2driver_25read75write0delete_8worker_16container_4096object_512KB_180sec_20151123051848,1,30,2,8,25,75,16,4096,0,361.80555555555554
1mon4osd_1driver_50read50write0delete_2worker_16container_4096object_512KB_180sec_20151124155533,1,4,1,2,50,50,16,4096,0,119.30555555555556
1mon6osd_4driver_50read50write0delete_8worker_16container_4096object_512KB_180sec_20151124132105,1,6,4,8,50,50,16,4096,0,359.1388888888889
1mon8osd_4driver_25read75write0delete_32worker_16container_4096object_512KB_180sec_20151124073506,1,8,4,32,25,75,16,4096,0,386.3888888888889
1mon8osd_2driver_90read10write0delete_2worker_16container_4096object_512KB_180sec_20151124031927,1,8,2,2,90,10,16,4096,0,57.333333333333336
1mon8osd_1driver_75read25write0delete_1worker_16container_4096object_512KB_180sec_20151124011256,1,8,1,1,75,25,16,4096,0,46.72222222222222
1mon20osd_1driver_10read90write0delete_1worker_16container_4096object_512KB_180sec_20151123093539,1,20,1,1,10,90,16,4096,0,119.22222222222223
1mon30osd_4driver_0read100write0delete_4worker_16container_4096object_512KB_180sec_20151123064659,1,30,4,4,0,100,16,4096,0,316.30555555555554
1mon30osd_2driver_50read50write0delete_4worker_16container_4096object_512KB_180sec_20151123043612,1,30,2,4,50,50,16,4096,0,256.8333333333333
1mon10osd_4driver_75read25write0delete_8worker_16container_4096object_512KB_180sec_20151123231022,1,10,4,8,75,25,16,4096,0,327.72222222222223
1mon6osd_2driver_90read10write0delete_4worker_16container_4096object_512KB_180sec_20151124105622,1,6,2,4,90,10,16,4096,0,82.80555555555556
1mon8osd_1driver_25read75write0delete_8worker_16container_4096object_512KB_180sec_20151124030009,1,8,1,8,25,75,16,4096,0,379.6111111111111
1mon4osd_2driver_10read90write0delete_16worker_16container_4096object_512KB_180sec_20151124192309,1,4,2,16,10,90,16,4096,0,342.0833333333333
1mon6osd_2driver_90read10write0delete_8worker_16container_4096object_512KB_180sec_20151124112931,1,6,2,8,90,10,16,4096,0,138.58333333333334
1mon4osd_4driver_100read0write0delete_8worker_16container_4096object_512KB_180sec_20151124200624,1,4,4,8,100,0,16,4096,0,0.0
1mon10osd_1driver_25read75write0delete_2worker_16container_4096object_512KB_180sec_20151123184929,1,10,1,2,25,75,16,4096,0,202.47222222222223
1mon10osd_4driver_100read0write0delete_4worker_16container_4096object_512KB_180sec_20151123222643,1,10,4,4,100,0,16,4096,0,0.0
1mon20osd_4driver_10read90write0delete_8worker_16container_4096object_512KB_180sec_20151123145513,1,20,4,8,10,90,16,4096,0,380.1111111111111
1mon6osd_1driver_10read90write0delete_8worker_16container_4096object_512KB_180sec_20151124100938,1,6,1,8,10,90,16,4096,0,385.8611111111111
1mon4osd_4driver_100read0write0delete_32worker_16container_4096object_512KB_180sec_20151124211340,1,4,4,32,100,0,16,4096,0,0.0
1mon30osd_2driver_75read25write0delete_2worker_16container_4096object_512KB_180sec_20151123035417,1,30,2,2,75,25,16,4096,0,84.80555555555556
1mon10osd_2driver_10read90write0delete_8worker_16container_4096object_512KB_180sec_20151123214217,1,10,2,8,10,90,16,4096,0,379.55555555555554
1mon4osd_2driver_90read10write0delete_4worker_16container_4096object_512KB_180sec_20151124175802,1,4,2,4,90,10,16,4096,0,54.25
1mon10osd_1driver_100read0write0delete_1worker_16container_4096object_512KB_180sec_20151123175844,1,10,1,1,100,0,16,4096,0,0.0
1mon10osd_4driver_0read100write0delete_16worker_16container_4096object_512KB_180sec_20151124000523,1,10,4,16,0,100,16,4096,0,384.8888888888889
1mon10osd_1driver_0read100write0delete_1worker_16container_4096object_512KB_180sec_20151123182626,1,10,1,1,0,100,16,4096,0,145.5
1mon30osd_2driver_25read75write0delete_16worker_16container_4096object_512KB_180sec_20151123055703,1,30,2,16,25,75,16,4096,0,354.75
1mon6osd_1driver_90read10write0delete_8worker_16container_4096object_512KB_180sec_20151124095039,1,6,1,8,90,10,16,4096,0,105.55555555555556
1mon20osd_2driver_25read75write0delete_16worker_16container_4096object_512KB_180sec_20151123133715,1,20,2,16,25,75,16,4096,0,375.25
1mon4osd_1driver_75read25write0delete_2worker_16container_4096object_512KB_180sec_20151124155105,1,4,1,2,75,25,16,4096,0,63.0
1mon6osd_4driver_0read100write0delete_32worker_16container_4096object_512KB_180sec_20151124144412,1,6,4,32,0,100,16,4096,0,379.2972972972973
1mon20osd_2driver_10read90write0delete_2worker_16container_4096object_512KB_180sec_20151123115549,1,20,2,2,10,90,16,4096,0,203.25
1mon4osd_1driver_0read100write0delete_4worker_16container_4096object_512KB_180sec_20151124164142,1,4,1,4,0,100,16,4096,0,335.5
1mon4osd_2driver_50read50write0delete_2worker_16container_4096object_512KB_180sec_20151124173457,1,4,2,2,50,50,16,4096,0,116.41666666666667
1mon30osd_1driver_100read0write0delete_2worker_16container_4096object_512KB_180sec_20151123015328,1,30,1,2,100,0,16,4096,0,0.0
1mon20osd_2driver_25read75write0delete_4worker_16container_4096object_512KB_180sec_20151123122528,1,20,2,4,25,75,16,4096,0,293.27777777777777
1mon6osd_4driver_75read25write0delete_8worker_16container_4096object_512KB_180sec_20151124131609,1,6,4,8,75,25,16,4096,0,300.1388888888889
1mon8osd_2driver_75read25write0delete_16worker_16container_4096object_512KB_180sec_20151124050421,1,8,2,16,75,25,16,4096,0,373.3333333333333
1mon20osd_1driver_90read10write0delete_4worker_16container_4096object_512KB_180sec_20151123102453,1,20,1,4,90,10,16,4096,0,50.22222222222222
1mon8osd_1driver_100read0write0delete_8worker_16container_4096object_512KB_180sec_20151124024112,1,8,1,8,100,0,16,4096,0,0.0
1mon10osd_2driver_90read10write0delete_8worker_16container_4096object_512KB_180sec_20151123212234,1,10,2,8,90,10,16,4096,0,182.16666666666666
1mon6osd_2driver_90read10write0delete_2worker_16container_4096object_512KB_180sec_20151124102404,1,6,2,2,90,10,16,4096,0,43.94444444444444
1mon8osd_4driver_75read25write0delete_16worker_16container_4096object_512KB_180sec_20151124064858,1,8,4,16,75,25,16,4096,0,298.4166666666667
1mon8osd_4driver_10read90write0delete_32worker_16container_4096object_512KB_180sec_20151124074004,1,8,4,32,10,90,16,4096,0,380.97297297297297
1mon10osd_2driver_75read25write0delete_16worker_16container_4096object_512KB_180sec_20151123220138,1,10,2,16,75,25,16,4096,0,366.22222222222223
1mon30osd_1driver_0read100write0delete_2worker_16container_4096object_512KB_180sec_20151123022431,1,30,1,2,0,100,16,4096,0,236.44444444444446
1mon30osd_4driver_10read90write0delete_8worker_16container_4096object_512KB_180sec_20151123072029,1,30,4,8,10,90,16,4096,0,363.5833333333333
1mon6osd_2driver_100read0write0delete_2worker_16container_4096object_512KB_180sec_20151124101930,1,6,2,2,100,0,16,4096,0,0.0
1mon8osd_4driver_100read0write0delete_4worker_16container_4096object_512KB_180sec_20151124052920,1,8,4,4,100,0,16,4096,0,0.0
1mon8osd_2driver_0read100write0delete_2worker_16container_4096object_512KB_180sec_20151124034245,1,8,2,2,0,100,16,4096,0,245.16666666666666
1mon4osd_4driver_0read100write0delete_32worker_16container_4096object_512KB_180sec_20151124214249,1,4,4,32,0,100,16,4096,0,336.94594594594594
1mon6osd_4driver_10read90write0delete_8worker_16container_4096object_512KB_180sec_20151124133058,1,6,4,8,10,90,16,4096,0,378.5
1mon10osd_1driver_0read100write0delete_8worker_16container_4096object_512KB_180sec_20151123200600,1,10,1,8,0,100,16,4096,0,379.3888888888889
1mon6osd_4driver_25read75write0delete_16worker_16container_4096object_512KB_180sec_20151124140005,1,6,4,16,25,75,16,4096,0,387.47222222222223
1mon8osd_1driver_75read25write0delete_4worker_16container_4096object_512KB_180sec_20151124021719,1,8,1,4,75,25,16,4096,0,168.80555555555554
1mon8osd_2driver_10read90write0delete_8worker_16container_4096object_512KB_180sec_20151124044513,1,8,2,8,10,90,16,4096,0,376.02702702702703
1mon30osd_4driver_75read25write0delete_4worker_16container_4096object_512KB_180sec_20151123062414,1,30,4,4,75,25,16,4096,0,173.55555555555554
1mon10osd_1driver_0read100write0delete_4worker_16container_4096object_512KB_180sec_20151123193211,1,10,1,4,0,100,16,4096,0,349.4166666666667
1mon30osd_1driver_0read100write0delete_1worker_16container_4096object_512KB_180sec_20151123014813,1,30,1,1,0,100,16,4096,0,142.05555555555554
1mon10osd_2driver_100read0write0delete_16worker_16container_4096object_512KB_180sec_20151123215205,1,10,2,16,100,0,16,4096,0,0.0
1mon8osd_2driver_75read25write0delete_8worker_16container_4096object_512KB_180sec_20151124043031,1,8,2,8,75,25,16,4096,0,310.0
1mon30osd_2driver_90read10write0delete_8worker_16container_4096object_512KB_180sec_20151123050241,1,30,2,8,90,10,16,4096,0,146.19444444444446
1mon6osd_4driver_75read25write0delete_16worker_16container_4096object_512KB_180sec_20151124135005,1,6,4,16,75,25,16,4096,0,344.5833333333333
1mon30osd_1driver_50read50write0delete_2worker_16container_4096object_512KB_180sec_20151123020858,1,30,1,2,50,50,16,4096,0,112.88888888888889
1mon20osd_4driver_25read75write0delete_8worker_16container_4096object_512KB_180sec_20151123144952,1,20,4,8,25,75,16,4096,0,369.52777777777777
1mon8osd_4driver_100read0write0delete_8worker_16container_4096object_512KB_180sec_20151124060315,1,8,4,8,100,0,16,4096,0,0.0
1mon10osd_1driver_90read10write0delete_4worker_16container_4096object_512KB_180sec_20151123190821,1,10,1,4,90,10,16,4096,0,83.52777777777777
1mon4osd_4driver_75read25write0delete_16worker_16container_4096object_512KB_180sec_20151124204910,1,4,4,16,75,25,16,4096,0,261.97222222222223
1mon4osd_1driver_75read25write0delete_4worker_16container_4096object_512KB_180sec_20151124162259,1,4,1,4,75,25,16,4096,0,114.58333333333333
1mon30osd_2driver_10read90write0delete_8worker_16container_4096object_512KB_180sec_20151123052412,1,30,2,8,10,90,16,4096,0,372.3611111111111
1mon30osd_1driver_25read75write0delete_4worker_16container_4096object_512KB_180sec_20151123025040,1,30,1,4,25,75,16,4096,0,290.80555555555554
1mon8osd_2driver_100read0write0delete_8worker_16container_4096object_512KB_180sec_20151124042109,1,8,2,8,100,0,16,4096,0,0.0
1mon4osd_4driver_0read100write0delete_4worker_16container_4096object_512KB_180sec_20151124200132,1,4,4,4,0,100,16,4096,0,333.3611111111111
1mon30osd_2driver_100read0write0delete_4worker_16container_4096object_512KB_180sec_20151123042033,1,30,2,4,100,0,16,4096,0,0.0
1mon10osd_1driver_10read90write0delete_1worker_16container_4096object_512KB_180sec_20151123182148,1,10,1,1,10,90,16,4096,0,131.19444444444446
1mon20osd_4driver_100read0write0delete_4worker_16container_4096object_512KB_180sec_20151123135309,1,20,4,4,100,0,16,4096,0,0.0
1mon8osd_2driver_25read75write0delete_8worker_16container_4096object_512KB_180sec_20151124044016,1,8,2,8,25,75,16,4096,0,380.8378378378378
1mon6osd_2driver_100read0write0delete_8worker_16container_4096object_512KB_180sec_20151124112458,1,6,2,8,100,0,16,4096,0,0.0
1mon6osd_2driver_0read100write0delete_8worker_16container_4096object_512KB_180sec_20151124115352,1,6,2,8,0,100,16,4096,0,383.6111111111111
1mon4osd_2driver_25read75write0delete_4worker_16container_4096object_512KB_180sec_20151124181148,1,4,2,4,25,75,16,4096,0,290.3611111111111
1mon30osd_2driver_25read75write0delete_4worker_16container_4096object_512KB_180sec_20151123044130,1,30,2,4,25,75,16,4096,0,296.02777777777777
1mon6osd_1driver_25read75write0delete_1worker_16container_4096object_512KB_180sec_20151124082724,1,6,1,1,25,75,16,4096,0,106.88888888888889
1mon10osd_2driver_50read50write0delete_4worker_16container_4096object_512KB_180sec_20151123205818,1,10,2,4,50,50,16,4096,0,297.30555555555554
1mon6osd_1driver_0read100write0delete_1worker_16container_4096object_512KB_180sec_20151124083630,1,6,1,1,0,100,16,4096,0,148.30555555555554
1mon30osd_2driver_90read10write0delete_4worker_16container_4096object_512KB_180sec_20151123042545,1,30,2,4,90,10,16,4096,0,79.58333333333333
1mon10osd_2driver_25read75write0delete_4worker_16container_4096object_512KB_180sec_20151123210313,1,10,2,4,25,75,16,4096,0,329.6388888888889
1mon30osd_2driver_90read10write0delete_2worker_16container_4096object_512KB_180sec_20151123034912,1,30,2,2,90,10,16,4096,0,38.333333333333336
1mon4osd_4driver_25read75write0delete_4worker_16container_4096object_512KB_180sec_20151124195144,1,4,4,4,25,75,16,4096,0,279.8888888888889
1mon4osd_2driver_0read100write0delete_2worker_16container_4096object_512KB_180sec_20151124174849,1,4,2,2,0,100,16,4096,0,253.55555555555554
1mon30osd_4driver_50read50write0delete_16worker_16container_4096object_512KB_180sec_20151123074800,1,30,4,16,50,50,16,4096,0,362.8611111111111
1mon8osd_1driver_10read90write0delete_1worker_16container_4096object_512KB_180sec_20151124012640,1,8,1,1,10,90,16,4096,0,131.19444444444446
1mon8osd_2driver_75read25write0delete_2worker_16container_4096object_512KB_180sec_20151124032400,1,8,2,2,75,25,16,4096,0,113.58333333333333
1mon10osd_2driver_75read25write0delete_4worker_16container_4096object_512KB_180sec_20151123205332,1,10,2,4,75,25,16,4096,0,209.33333333333334
1mon20osd_2driver_0read100write0delete_2worker_16container_4096object_512KB_180sec_20151123120048,1,20,2,2,0,100,16,4096,0,227.97222222222223
1mon6osd_2driver_25read75write0delete_8worker_16container_4096object_512KB_180sec_20151124114350,1,6,2,8,25,75,16,4096,0,353.05555555555554
1mon20osd_2driver_100read0write0delete_16worker_16container_4096object_512KB_180sec_20151123131639,1,20,2,16,100,0,16,4096,0,0.0
1mon10osd_1driver_10read90write0delete_2worker_16container_4096object_512KB_180sec_20151123185412,1,10,1,2,10,90,16,4096,0,225.97222222222223
1mon20osd_2driver_25read75write0delete_2worker_16container_4096object_512KB_180sec_20151123115053,1,20,2,2,25,75,16,4096,0,175.19444444444446
1mon20osd_1driver_75read25write0delete_8worker_16container_4096object_512KB_180sec_20151123110509,1,20,1,8,75,25,16,4096,0,215.86486486486487
1mon30osd_1driver_90read10write0delete_8worker_16container_4096object_512KB_180sec_20151123031135,1,30,1,8,90,10,16,4096,0,105.69444444444444
1mon20osd_4driver_50read50write0delete_32worker_16container_4096object_512KB_180sec_20151123155846,1,20,4,32,50,50,16,4096,0,375.4166666666667
1mon4osd_1driver_25read75write0delete_8worker_16container_4096object_512KB_180sec_20151124170539,1,4,1,8,25,75,16,4096,0,333.9166666666667
1mon10osd_2driver_100read0write0delete_2worker_16container_4096object_512KB_180sec_20151123201108,1,10,2,2,100,0,16,4096,0,0.0
1mon20osd_2driver_0read100write0delete_4worker_16container_4096object_512KB_180sec_20151123123539,1,20,2,4,0,100,16,4096,0,327.52777777777777
1mon4osd_4driver_90read10write0delete_16worker_16container_4096object_512KB_180sec_20151124204425,1,4,4,16,90,10,16,4096,0,137.72222222222223
1mon4osd_4driver_25read75write0delete_32worker_16container_4096object_512KB_180sec_20151124213252,1,4,4,32,25,75,16,4096,0,339.97222222222223
1mon8osd_1driver_50read50write0delete_1worker_16container_4096object_512KB_180sec_20151124011730,1,8,1,1,50,50,16,4096,0,81.77777777777777
1mon10osd_4driver_50read50write0delete_4worker_16container_4096object_512KB_180sec_20151123224104,1,10,4,4,50,50,16,4096,0,287.30555555555554
1mon4osd_4driver_75read25write0delete_8worker_16container_4096object_512KB_180sec_20151124201532,1,4,4,8,75,25,16,4096,0,188.97222222222223
1mon10osd_4driver_25read75write0delete_32worker_16container_4096object_512KB_180sec_20151124003026,1,10,4,32,25,75,16,4096,0,373.2432432432432
1mon30osd_2driver_10read90write0delete_2worker_16container_4096object_512KB_180sec_20151123040952,1,30,2,2,10,90,16,4096,0,210.52777777777777
1mon30osd_4driver_50read50write0delete_8worker_16container_4096object_512KB_180sec_20151123070925,1,30,4,8,50,50,16,4096,0,349.0833333333333
1mon4osd_4driver_90read10write0delete_4worker_16container_4096object_512KB_180sec_20151124193748,1,4,4,4,90,10,16,4096,0,54.44444444444444
1mon8osd_4driver_0read100write0delete_4worker_16container_4096object_512KB_180sec_20151124055819,1,8,4,4,0,100,16,4096,0,353.27777777777777
1mon20osd_2driver_90read10write0delete_8worker_16container_4096object_512KB_180sec_20151123124542,1,20,2,8,90,10,16,4096,0,120.35135135135135
1mon4osd_2driver_75read25write0delete_8worker_16container_4096object_512KB_180sec_20151124183515,1,4,2,8,75,25,16,4096,0,186.75
1mon4osd_4driver_75read25write0delete_4worker_16container_4096object_512KB_180sec_20151124194222,1,4,4,4,75,25,16,4096,0,112.61111111111111
1mon10osd_1driver_0read100write0delete_2worker_16container_4096object_512KB_180sec_20151123185859,1,10,1,2,0,100,16,4096,0,241.38888888888889
1mon20osd_2driver_100read0write0delete_8worker_16container_4096object_512KB_180sec_20151123124047,1,20,2,8,100,0,16,4096,0,0.0
1mon30osd_4driver_25read75write0delete_32worker_16container_4096object_512KB_180sec_20151123083209,1,30,4,32,25,75,16,4096,0,369.3611111111111
1mon10osd_2driver_0read100write0delete_2worker_16container_4096object_512KB_180sec_20151123203918,1,10,2,2,0,100,16,4096,0,240.16666666666666
1mon6osd_2driver_50read50write0delete_8worker_16container_4096object_512KB_180sec_20151124113859,1,6,2,8,50,50,16,4096,0,350.80555555555554
1mon20osd_2driver_75read25write0delete_4worker_16container_4096object_512KB_180sec_20151123121532,1,20,2,4,75,25,16,4096,0,148.97222222222223
1mon10osd_2driver_50read50write0delete_2worker_16container_4096object_512KB_180sec_20151123202502,1,10,2,2,50,50,16,4096,0,180.30555555555554
1mon4osd_4driver_10read90write0delete_8worker_16container_4096object_512KB_180sec_20151124203002,1,4,4,8,10,90,16,4096,0,340.80555555555554
1mon30osd_2driver_50read50write0delete_16worker_16container_4096object_512KB_180sec_20151123055138,1,30,2,16,50,50,16,4096,0,369.72222222222223
1mon4osd_2driver_75read25write0delete_4worker_16container_4096object_512KB_180sec_20151124180233,1,4,2,4,75,25,16,4096,0,116.08333333333333
1mon8osd_1driver_75read25write0delete_2worker_16container_4096object_512KB_180sec_20151124014456,1,8,1,2,75,25,16,4096,0,84.5
1mon4osd_2driver_100read0write0delete_4worker_16container_4096object_512KB_180sec_20151124175333,1,4,2,4,100,0,16,4096,0,0.0
1mon10osd_2driver_90read10write0delete_2worker_16container_4096object_512KB_180sec_20151123201545,1,10,2,2,90,10,16,4096,0,61.52777777777778
1mon6osd_4driver_25read75write0delete_32worker_16container_4096object_512KB_180sec_20151124143420,1,6,4,32,25,75,16,4096,0,383.6111111111111
1mon8osd_4driver_50read50write0delete_16worker_16container_4096object_512KB_180sec_20151124065448,1,8,4,16,50,50,16,4096,0,365.9166666666667
1mon30osd_1driver_10read90write0delete_2worker_16container_4096object_512KB_180sec_20151123021915,1,30,1,2,10,90,16,4096,0,205.38888888888889
1mon20osd_1driver_90read10write0delete_2worker_16container_4096object_512KB_180sec_20151123095028,1,20,1,2,90,10,16,4096,0,26.083333333333332
1mon8osd_1driver_0read100write0delete_8worker_16container_4096object_512KB_180sec_20151124030950,1,8,1,8,0,100,16,4096,0,389.3611111111111
1mon20osd_4driver_75read25write0delete_16worker_16container_4096object_512KB_180sec_20151123151611,1,20,4,16,75,25,16,4096,0,357.22222222222223
1mon20osd_1driver_90read10write0delete_8worker_16container_4096object_512KB_180sec_20151123105959,1,20,1,8,90,10,16,4096,0,96.52777777777777
1mon20osd_1driver_100read0write0delete_2worker_16container_4096object_512KB_180sec_20151123094529,1,20,1,2,100,0,16,4096,0,0.0
1mon10osd_4driver_90read10write0delete_4worker_16container_4096object_512KB_180sec_20151123223127,1,10,4,4,90,10,16,4096,0,125.77777777777777
1mon30osd_1driver_50read50write0delete_8worker_16container_4096object_512KB_180sec_20151123032210,1,30,1,8,50,50,16,4096,0,331.64864864864865
1mon20osd_1driver_10read90write0delete_4worker_16container_4096object_512KB_180sec_20151123104452,1,20,1,4,10,90,16,4096,0,309.6111111111111
1mon6osd_2driver_75read25write0delete_4worker_16container_4096object_512KB_180sec_20151124110059,1,6,2,4,75,25,16,4096,0,164.94444444444446
1mon20osd_2driver_50read50write0delete_8worker_16container_4096object_512KB_180sec_20151123125552,1,20,2,8,50,50,16,4096,0,343.9166666666667
1mon30osd_2driver_0read100write0delete_4worker_16container_4096object_512KB_180sec_20151123045212,1,30,2,4,0,100,16,4096,0,322.6111111111111
1mon6osd_2driver_10read90write0delete_2worker_16container_4096object_512KB_180sec_20151124104223,1,6,2,2,10,90,16,4096,0,227.41666666666666
1mon4osd_1driver_10read90write0delete_8worker_16container_4096object_512KB_180sec_20151124171139,1,4,1,8,10,90,16,4096,0,337.69444444444446
1mon30osd_4driver_10read90write0delete_16worker_16container_4096object_512KB_180sec_20151123075858,1,30,4,16,10,90,16,4096,0,374.75
1mon20osd_2driver_25read75write0delete_8worker_16container_4096object_512KB_180sec_20151123130100,1,20,2,8,25,75,16,4096,0,367.6388888888889
1mon20osd_4driver_100read0write0delete_8worker_16container_4096object_512KB_180sec_20151123142859,1,20,4,8,100,0,16,4096,0,0.0
1mon30osd_4driver_50read50write0delete_32worker_16container_4096object_512KB_180sec_20151123082637,1,30,4,32,50,50,16,4096,0,364.2162162162162
1mon8osd_2driver_50read50write0delete_8worker_16container_4096object_512KB_180sec_20151124043523,1,8,2,8,50,50,16,4096,0,372.8888888888889
1mon10osd_1driver_50read50write0delete_4worker_16container_4096object_512KB_180sec_20151123191740,1,10,1,4,50,50,16,4096,0,267.9166666666667
1mon30osd_2driver_10read90write0delete_4worker_16container_4096object_512KB_180sec_20151123044652,1,30,2,4,10,90,16,4096,0,313.5
1mon8osd_4driver_75read25write0delete_8worker_16container_4096object_512KB_180sec_20151124061240,1,8,4,8,75,25,16,4096,0,339.52777777777777
1mon8osd_2driver_0read100write0delete_16worker_16container_4096object_512KB_180sec_20151124052405,1,8,2,16,0,100,16,4096,0,386.6111111111111
1mon8osd_1driver_10read90write0delete_2worker_16container_4096object_512KB_180sec_20151124015841,1,8,1,2,10,90,16,4096,0,224.19444444444446
1mon4osd_1driver_100read0write0delete_1worker_16container_4096object_512KB_180sec_20151124151038,1,4,1,1,100,0,16,4096,0,0.0
1mon10osd_1driver_25read75write0delete_4worker_16container_4096object_512KB_180sec_20151123192227,1,10,1,4,25,75,16,4096,0,327.05555555555554
1mon8osd_2driver_75read25write0delete_4worker_16container_4096object_512KB_180sec_20151124035652,1,8,2,4,75,25,16,4096,0,195.19444444444446
1mon20osd_1driver_10read90write0delete_2worker_16container_4096object_512KB_180sec_20151123100956,1,20,1,2,10,90,16,4096,0,203.86111111111111
1mon6osd_2driver_50read50write0delete_4worker_16container_4096object_512KB_180sec_20151124110538,1,6,2,4,50,50,16,4096,0,262.4166666666667
1mon4osd_1driver_100read0write0delete_8worker_16container_4096object_512KB_180sec_20151124164630,1,4,1,8,100,0,16,4096,0,0.0
1mon20osd_1driver_75read25write0delete_4worker_16container_4096object_512KB_180sec_20151123102950,1,20,1,4,75,25,16,4096,0,117.94444444444444
1mon10osd_2driver_90read10write0delete_4worker_16container_4096object_512KB_180sec_20151123204845,1,10,2,4,90,10,16,4096,0,112.83333333333333
1mon4osd_1driver_50read50write0delete_4worker_16container_4096object_512KB_180sec_20151124162732,1,4,1,4,50,50,16,4096,0,203.22222222222223
1mon10osd_2driver_50read50write0delete_16worker_16container_4096object_512KB_180sec_20151123220638,1,10,2,16,50,50,16,4096,0,378.75
1mon20osd_4driver_90read10write0delete_16worker_16container_4096object_512KB_180sec_20151123151054,1,20,4,16,90,10,16,4096,0,214.78378378378378
1mon30osd_1driver_10read90write0delete_1worker_16container_4096object_512KB_180sec_20151123014309,1,30,1,1,10,90,16,4096,0,118.41666666666667
1mon4osd_1driver_90read10write0delete_8worker_16container_4096object_512KB_180sec_20151124165100,1,4,1,8,90,10,16,4096,0,79.86111111111111
1mon8osd_1driver_0read100write0delete_1worker_16container_4096object_512KB_180sec_20151124013113,1,8,1,1,0,100,16,4096,0,145.66666666666666
1mon20osd_1driver_0read100write0delete_1worker_16container_4096object_512KB_180sec_20151123094030,1,20,1,1,0,100,16,4096,0,141.16666666666666
1mon8osd_2driver_25read75write0delete_4worker_16container_4096object_512KB_180sec_20151124040628,1,8,2,4,25,75,16,4096,0,331.5833333333333
1mon6osd_4driver_50read50write0delete_4worker_16container_4096object_512KB_180sec_20151124124716,1,6,4,4,50,50,16,4096,0,264.3611111111111
1mon10osd_1driver_90read10write0delete_1worker_16container_4096object_512KB_180sec_20151123180330,1,10,1,1,90,10,16,4096,0,18.97222222222222
1mon10osd_2driver_100read0write0delete_4worker_16container_4096object_512KB_180sec_20151123204409,1,10,2,4,100,0,16,4096,0,0.0
1mon10osd_2driver_0read100write0delete_8worker_16container_4096object_512KB_180sec_20151123214710,1,10,2,8,0,100,16,4096,0,381.3333333333333
1mon30osd_4driver_100read0write0delete_4worker_16container_4096object_512KB_180sec_20151123061356,1,30,4,4,100,0,16,4096,0,0.0
1mon4osd_2driver_0read100write0delete_8worker_16container_4096object_512KB_180sec_20151124185430,1,4,2,8,0,100,16,4096,0,341.1666666666667
1mon8osd_4driver_90read10write0delete_32worker_16container_4096object_512KB_180sec_20151124071948,1,8,4,32,90,10,16,4096,0,325.7837837837838
1mon4osd_1driver_10read90write0delete_1worker_16container_4096object_512KB_180sec_20151124153305,1,4,1,1,10,90,16,4096,0,134.30555555555554
1mon20osd_2driver_10read90write0delete_4worker_16container_4096object_512KB_180sec_20151123123033,1,20,2,4,10,90,16,4096,0,311.5833333333333
1mon20osd_2driver_0read100write0delete_16worker_16container_4096object_512KB_180sec_20151123134735,1,20,2,16,0,100,16,4096,0,383.1388888888889
1mon20osd_2driver_100read0write0delete_2worker_16container_4096object_512KB_180sec_20151123113113,1,20,2,2,100,0,16,4096,0,0.0
1mon8osd_2driver_25read75write0delete_16worker_16container_4096object_512KB_180sec_20151124051408,1,8,2,16,25,75,16,4096,0,379.86486486486484
1mon8osd_4driver_0read100write0delete_8worker_16container_4096object_512KB_180sec_20151124063240,1,8,4,8,0,100,16,4096,0,374.5
1mon10osd_2driver_75read25write0delete_8worker_16container_4096object_512KB_180sec_20151123212723,1,10,2,8,75,25,16,4096,0,308.8611111111111
1mon4osd_2driver_100read0write0delete_2worker_16container_4096object_512KB_180sec_20151124172129,1,4,2,2,100,0,16,4096,0,0.0
1mon4osd_1driver_0read100write0delete_1worker_16container_4096object_512KB_180sec_20151124153737,1,4,1,1,0,100,16,4096,0,165.86111111111111
1mon6osd_4driver_10read90write0delete_16worker_16container_4096object_512KB_180sec_20151124140500,1,6,4,16,10,90,16,4096,0,383.47222222222223
1mon8osd_1driver_50read50write0delete_2worker_16container_4096object_512KB_180sec_20151124014927,1,8,1,2,50,50,16,4096,0,150.36111111111111
1mon6osd_2driver_50read50write0delete_16worker_16container_4096object_512KB_180sec_20151124121259,1,6,2,16,50,50,16,4096,0,361.05555555555554
1mon10osd_4driver_90read10write0delete_32worker_16container_4096object_512KB_180sec_20151124001511,1,10,4,32,90,10,16,4096,0,353.97222222222223
1mon20osd_1driver_0read100write0delete_4worker_16container_4096object_512KB_180sec_20151123104955,1,20,1,4,0,100,16,4096,0,331.6111111111111
1mon6osd_2driver_10read90write0delete_8worker_16container_4096object_512KB_180sec_20151124114858,1,6,2,8,10,90,16,4096,0,365.22222222222223
1mon8osd_4driver_0read100write0delete_32worker_16container_4096object_512KB_180sec_20151124074512,1,8,4,32,0,100,16,4096,0,382.1621621621622
1mon30osd_1driver_75read25write0delete_8worker_16container_4096object_512KB_180sec_20151123031652,1,30,1,8,75,25,16,4096,0,240.69444444444446
1mon10osd_1driver_90read10write0delete_2worker_16container_4096object_512KB_180sec_20151123183538,1,10,1,2,90,10,16,4096,0,38.5
1mon4osd_2driver_25read75write0delete_2worker_16container_4096object_512KB_180sec_20151124173931,1,4,2,2,25,75,16,4096,0,176.16666666666666
1mon8osd_2driver_10read90write0delete_16worker_16container_4096object_512KB_180sec_20151124051907,1,8,2,16,10,90,16,4096,0,380.97297297297297
1mon10osd_4driver_0read100write0delete_8worker_16container_4096object_512KB_180sec_20151123233021,1,10,4,8,0,100,16,4096,0,375.27027027027026
1mon6osd_2driver_25read75write0delete_2worker_16container_4096object_512KB_180sec_20151124103745,1,6,2,2,25,75,16,4096,0,199.97222222222223
1mon10osd_4driver_75read25write0delete_16worker_16container_4096object_512KB_180sec_20151123234514,1,10,4,16,75,25,16,4096,0,372.55555555555554
1mon30osd_4driver_90read10write0delete_8worker_16container_4096object_512KB_180sec_20151123065830,1,30,4,8,90,10,16,4096,0,151.47222222222223
1mon4osd_4driver_100read0write0delete_16worker_16container_4096object_512KB_180sec_20151124203954,1,4,4,16,100,0,16,4096,0,0.0
1mon6osd_2driver_100read0write0delete_4worker_16container_4096object_512KB_180sec_20151124105152,1,6,2,4,100,0,16,4096,0,0.0
1mon10osd_4driver_100read0write0delete_8worker_16container_4096object_512KB_180sec_20151123230055,1,10,4,8,100,0,16,4096,0,0.0
1mon8osd_1driver_90read10write0delete_4worker_16container_4096object_512KB_180sec_20151124021244,1,8,1,4,90,10,16,4096,0,79.52777777777777
1mon4osd_1driver_25read75write0delete_2worker_16container_4096object_512KB_180sec_20151124160004,1,4,1,2,25,75,16,4096,0,177.61111111111111
1mon30osd_1driver_100read0write0delete_1worker_16container_4096object_512KB_180sec_20151123011618,1,30,1,1,100,0,16,4096,0,0.0
1mon20osd_4driver_75read25write0delete_32worker_16container_4096object_512KB_180sec_20151123155322,1,20,4,32,75,25,16,4096,0,369.4166666666667
1mon30osd_4driver_100read0write0delete_32worker_16container_4096object_512KB_180sec_20151123081006,1,30,4,32,100,0,16,4096,0,0.0
1mon30osd_2driver_0read100write0delete_16worker_16container_4096object_512KB_180sec_20151123060801,1,30,2,16,0,100,16,4096,0,372.86486486486484
1mon20osd_4driver_0read100write0delete_16worker_16container_4096object_512KB_180sec_20151123153733,1,20,4,16,0,100,16,4096,0,380.47222222222223
1mon4osd_4driver_0read100write0delete_8worker_16container_4096object_512KB_180sec_20151124203500,1,4,4,8,0,100,16,4096,0,343.8333333333333
1mon8osd_4driver_90read10write0delete_16worker_16container_4096object_512KB_180sec_20151124064310,1,8,4,16,90,10,16,4096,0,284.69444444444446
1mon30osd_4driver_25read75write0delete_8worker_16container_4096object_512KB_180sec_20151123071459,1,30,4,8,25,75,16,4096,0,367.9166666666667
1mon20osd_2driver_50read50write0delete_16worker_16container_4096object_512KB_180sec_20151123133157,1,20,2,16,50,50,16,4096,0,360.5135135135135
1mon6osd_1driver_90read10write0delete_1worker_16container_4096object_512KB_180sec_20151124081355,1,6,1,1,90,10,16,4096,0,16.166666666666668
1mon4osd_2driver_10read90write0delete_8worker_16container_4096object_512KB_180sec_20151124184938,1,4,2,8,10,90,16,4096,0,338.47222222222223
1mon6osd_1driver_0read100write0delete_2worker_16container_4096object_512KB_180sec_20151124090834,1,6,1,2,0,100,16,4096,0,238.44444444444446
1mon10osd_4driver_100read0write0delete_32worker_16container_4096object_512KB_180sec_20151124001025,1,10,4,32,100,0,16,4096,0,0.0
1mon20osd_4driver_100read0write0delete_16worker_16container_4096object_512KB_180sec_20151123150555,1,20,4,16,100,0,16,4096,0,0.0
1mon4osd_1driver_75read25write0delete_1worker_16container_4096object_512KB_180sec_20151124151937,1,4,1,1,75,25,16,4096,0,36.52777777777778
1mon10osd_1driver_100read0write0delete_8worker_16container_4096object_512KB_180sec_20151123193709,1,10,1,8,100,0,16,4096,0,0.0
1mon4osd_4driver_10read90write0delete_32worker_16container_4096object_512KB_180sec_20151124213747,1,4,4,32,10,90,16,4096,0,336.7027027027027
1mon30osd_4driver_0read100write0delete_32worker_16container_4096object_512KB_180sec_20151123084303,1,30,4,32,0,100,16,4096,0,363.5405405405405
1mon4osd_1driver_100read0write0delete_4worker_16container_4096object_512KB_180sec_20151124161359,1,4,1,4,100,0,16,4096,0,0.0
1mon4osd_2driver_90read10write0delete_8worker_16container_4096object_512KB_180sec_20151124183042,1,4,2,8,90,10,16,4096,0,86.83333333333333
1mon6osd_2driver_0read100write0delete_4worker_16container_4096object_512KB_180sec_20151124112008,1,6,2,4,0,100,16,4096,0,353.3888888888889
1mon20osd_4driver_50read50write0delete_8worker_16container_4096object_512KB_180sec_20151123144431,1,20,4,8,50,50,16,4096,0,351.18918918918916
1mon8osd_1driver_0read100write0delete_4worker_16container_4096object_512KB_180sec_20151124023617,1,8,1,4,0,100,16,4096,0,347.43243243243245
1mon20osd_1driver_75read25write0delete_1worker_16container_4096object_512KB_180sec_20151123092103,1,20,1,1,75,25,16,4096,0,31.97222222222222
1mon10osd_2driver_25read75write0delete_8worker_16container_4096object_512KB_180sec_20151123213721,1,10,2,8,25,75,16,4096,0,379.6666666666667
1mon10osd_4driver_10read90write0delete_4worker_16container_4096object_512KB_180sec_20151123225055,1,10,4,4,10,90,16,4096,0,338.25
1mon8osd_2driver_90read10write0delete_8worker_16container_4096object_512KB_180sec_20151124042548,1,8,2,8,90,10,16,4096,0,168.55555555555554
1mon20osd_1driver_25read75write0delete_8worker_16container_4096object_512KB_180sec_20151123111525,1,20,1,8,25,75,16,4096,0,362.56756756756755
1mon30osd_1driver_10read90write0delete_8worker_16container_4096object_512KB_180sec_20151123033301,1,30,1,8,10,90,16,4096,0,370.22222222222223
1mon4osd_2driver_25read75write0delete_16worker_16container_4096object_512KB_180sec_20151124191814,1,4,2,16,25,75,16,4096,0,338.5
1mon20osd_1driver_90read10write0delete_1worker_16container_4096object_512KB_180sec_20151123091611,1,20,1,1,90,10,16,4096,0,12.11111111111111
1mon30osd_4driver_100read0write0delete_8worker_16container_4096object_512KB_180sec_20151123065253,1,30,4,8,100,0,16,4096,0,0.0
1mon4osd_4driver_90read10write0delete_8worker_16container_4096object_512KB_180sec_20151124201055,1,4,4,8,90,10,16,4096,0,88.11111111111111
1mon4osd_4driver_25read75write0delete_16worker_16container_4096object_512KB_180sec_20151124205853,1,4,4,16,25,75,16,4096,0,345.0833333333333
1mon30osd_4driver_0read100write0delete_16worker_16container_4096object_512KB_180sec_20151123080427,1,30,4,16,0,100,16,4096,0,376.94444444444446
1mon4osd_1driver_90read10write0delete_2worker_16container_4096object_512KB_180sec_20151124154638,1,4,1,2,90,10,16,4096,0,27.97222222222222
1mon30osd_2driver_50read50write0delete_2worker_16container_4096object_512KB_180sec_20151123035926,1,30,2,2,50,50,16,4096,0,141.36111111111111
1mon10osd_4driver_75read25write0delete_4worker_16container_4096object_512KB_180sec_20151123223613,1,10,4,4,75,25,16,4096,0,216.38888888888889
1mon30osd_1driver_100read0write0delete_4worker_16container_4096object_512KB_180sec_20151123022947,1,30,1,4,100,0,16,4096,0,0.0
1mon20osd_4driver_0read100write0delete_8worker_16container_4096object_512KB_180sec_20151123150033,1,20,4,8,0,100,16,4096,0,384.1666666666667
1mon10osd_2driver_25read75write0delete_16worker_16container_4096object_512KB_180sec_20151123221133,1,10,2,16,25,75,16,4096,0,379.75
1mon4osd_4driver_50read50write0delete_4worker_16container_4096object_512KB_180sec_20151124194700,1,4,4,4,50,50,16,4096,0,202.08333333333334
1mon30osd_2driver_75read25write0delete_4worker_16container_4096object_512KB_180sec_20151123043057,1,30,2,4,75,25,16,4096,0,169.16666666666666
1mon30osd_4driver_75read25write0delete_16worker_16container_4096object_512KB_180sec_20151123074225,1,30,4,16,75,25,16,4096,0,362.02777777777777
1mon20osd_2driver_10read90write0delete_8worker_16container_4096object_512KB_180sec_20151123130612,1,20,2,8,10,90,16,4096,0,374.8611111111111
1mon6osd_4driver_50read50write0delete_16worker_16container_4096object_512KB_180sec_20151124135505,1,6,4,16,50,50,16,4096,0,375.97222222222223
1mon4osd_2driver_75read25write0delete_16worker_16container_4096object_512KB_180sec_20151124190833,1,4,2,16,75,25,16,4096,0,252.77777777777777
1mon20osd_1driver_50read50write0delete_2worker_16container_4096object_512KB_180sec_20151123100011,1,20,1,2,50,50,16,4096,0,113.97222222222223
1mon30osd_1driver_50read50write0delete_4worker_16container_4096object_512KB_180sec_20151123024528,1,30,1,4,50,50,16,4096,0,215.25
1mon10osd_2driver_10read90write0delete_2worker_16container_4096object_512KB_180sec_20151123203432,1,10,2,2,10,90,16,4096,0,228.80555555555554
1mon4osd_1driver_0read100write0delete_8worker_16container_4096object_512KB_180sec_20151124171626,1,4,1,8,0,100,16,4096,0,342.1388888888889
1mon30osd_2driver_0read100write0delete_2worker_16container_4096object_512KB_180sec_20151123041515,1,30,2,2,0,100,16,4096,0,227.5
1mon6osd_4driver_75read25write0delete_32worker_16container_4096object_512KB_180sec_20151124142421,1,6,4,32,75,25,16,4096,0,358.55555555555554
1mon6osd_1driver_75read25write0delete_4worker_16container_4096object_512KB_180sec_20151124092225,1,6,1,4,75,25,16,4096,0,135.61111111111111
1mon4osd_1driver_75read25write0delete_8worker_16container_4096object_512KB_180sec_20151124165531,1,4,1,8,75,25,16,4096,0,125.5945945945946
1mon8osd_4driver_50read50write0delete_4worker_16container_4096object_512KB_180sec_20151124054336,1,8,4,4,50,50,16,4096,0,301.1111111111111
1mon6osd_2driver_0read100write0delete_16worker_16container_4096object_512KB_180sec_20151124122752,1,6,2,16,0,100,16,4096,0,377.2432432432432
1mon10osd_1driver_10read90write0delete_8worker_16container_4096object_512KB_180sec_20151123200106,1,10,1,8,10,90,16,4096,0,384.6666666666667
1mon8osd_4driver_50read50write0delete_32worker_16container_4096object_512KB_180sec_20151124072958,1,8,4,32,50,50,16,4096,0,371.7837837837838
1mon10osd_2driver_0read100write0delete_16worker_16container_4096object_512KB_180sec_20151123222124,1,10,2,16,0,100,16,4096,0,380.3333333333333
1mon6osd_2driver_25read75write0delete_4worker_16container_4096object_512KB_180sec_20151124111027,1,6,2,4,25,75,16,4096,0,313.5833333333333
1mon6osd_4driver_90read10write0delete_32worker_16container_4096object_512KB_180sec_20151124141926,1,6,4,32,90,10,16,4096,0,339.19444444444446
1mon30osd_1driver_25read75write0delete_8worker_16container_4096object_512KB_180sec_20151123032736,1,30,1,8,25,75,16,4096,0,366.44444444444446
1mon8osd_1driver_10read90write0delete_8worker_16container_4096object_512KB_180sec_20151124030500,1,8,1,8,10,90,16,4096,0,383.47222222222223
1mon6osd_4driver_90read10write0delete_8worker_16container_4096object_512KB_180sec_20151124131125,1,6,4,8,90,10,16,4096,0,162.88888888888889
1mon10osd_2driver_90read10write0delete_16worker_16container_4096object_512KB_180sec_20151123215642,1,10,2,16,90,10,16,4096,0,258.1111111111111
1mon10osd_4driver_100read0write0delete_16worker_16container_4096object_512KB_180sec_20151123233526,1,10,4,16,100,0,16,4096,0,0.0
1mon4osd_4driver_10read90write0delete_4worker_16container_4096object_512KB_180sec_20151124195635,1,4,4,4,10,90,16,4096,0,318.0
1mon30osd_4driver_90read10write0delete_4worker_16container_4096object_512KB_180sec_20151123061904,1,30,4,4,90,10,16,4096,0,84.13888888888889
1mon10osd_1driver_50read50write0delete_2worker_16container_4096object_512KB_180sec_20151123184448,1,10,1,2,50,50,16,4096,0,154.91666666666666
1mon10osd_1driver_75read25write0delete_1worker_16container_4096object_512KB_180sec_20151123180803,1,10,1,1,75,25,16,4096,0,45.916666666666664
1mon8osd_4driver_50read50write0delete_8worker_16container_4096object_512KB_180sec_20151124061735,1,8,4,8,50,50,16,4096,0,371.97222222222223
1mon6osd_4driver_10read90write0delete_4worker_16container_4096object_512KB_180sec_20151124125703,1,6,4,4,10,90,16,4096,0,342.3611111111111
1mon20osd_4driver_0read100write0delete_4worker_16container_4096object_512KB_180sec_20151123142344,1,20,4,4,0,100,16,4096,0,320.8611111111111
1mon4osd_2driver_50read50write0delete_16worker_16container_4096object_512KB_180sec_20151124191324,1,4,2,16,50,50,16,4096,0,319.55555555555554
1mon6osd_4driver_90read10write0delete_16worker_16container_4096object_512KB_180sec_20151124134519,1,6,4,16,90,10,16,4096,0,246.88888888888889
1mon20osd_1driver_50read50write0delete_8worker_16container_4096object_512KB_180sec_20151123111019,1,20,1,8,50,50,16,4096,0,329.0
1mon4osd_4driver_50read50write0delete_16worker_16container_4096object_512KB_180sec_20151124205359,1,4,4,16,50,50,16,4096,0,326.8888888888889
1mon30osd_4driver_75read25write0delete_32worker_16container_4096object_512KB_180sec_20151123082056,1,30,4,32,75,25,16,4096,0,357.02702702702703
1mon6osd_1driver_25read75write0delete_4worker_16container_4096object_512KB_180sec_20151124093142,1,6,1,4,25,75,16,4096,0,310.0
1mon6osd_2driver_0read100write0delete_2worker_16container_4096object_512KB_180sec_20151124104706,1,6,2,2,0,100,16,4096,0,252.19444444444446
1mon6osd_1driver_75read25write0delete_1worker_16container_4096object_512KB_180sec_20151124081827,1,6,1,1,75,25,16,4096,0,37.5
1mon4osd_1driver_25read75write0delete_1worker_16container_4096object_512KB_180sec_20151124152835,1,4,1,1,25,75,16,4096,0,104.25
1mon4osd_1driver_90read10write0delete_4worker_16container_4096object_512KB_180sec_20151124161831,1,4,1,4,90,10,16,4096,0,52.666666666666664
1mon20osd_4driver_0read100write0delete_32worker_16container_4096object_512KB_180sec_20151123161441,1,20,4,32,0,100,16,4096,0,378.8888888888889
1mon30osd_1driver_100read0write0delete_8worker_16container_4096object_512KB_180sec_20151123030628,1,30,1,8,100,0,16,4096,0,0.0
1mon8osd_2driver_100read0write0delete_2worker_16container_4096object_512KB_180sec_20151124031454,1,8,2,2,100,0,16,4096,0,0.0
1mon4osd_4driver_25read75write0delete_8worker_16container_4096object_512KB_180sec_20151124202508,1,4,4,8,25,75,16,4096,0,331.9166666666667
1mon4osd_1driver_90read10write0delete_1worker_16container_4096object_512KB_180sec_20151124151511,1,4,1,1,90,10,16,4096,0,15.666666666666666
1mon8osd_4driver_25read75write0delete_8worker_16container_4096object_512KB_180sec_20151124062230,1,8,4,8,25,75,16,4096,0,378.72222222222223
1mon10osd_4driver_90read10write0delete_8worker_16container_4096object_512KB_180sec_20151123230534,1,10,4,8,90,10,16,4096,0,202.5
1mon30osd_2driver_100read0write0delete_2worker_16container_4096object_512KB_180sec_20151123034407,1,30,2,2,100,0,16,4096,0,0.0
1mon4osd_2driver_25read75write0delete_8worker_16container_4096object_512KB_180sec_20151124184447,1,4,2,8,25,75,16,4096,0,334.1388888888889
1mon8osd_2driver_90read10write0delete_16worker_16container_4096object_512KB_180sec_20151124045936,1,8,2,16,90,10,16,4096,0,246.0
1mon8osd_1driver_50read50write0delete_8worker_16container_4096object_512KB_180sec_20151124025518,1,8,1,8,50,50,16,4096,0,359.6666666666667
1mon6osd_2driver_75read25write0delete_2worker_16container_4096object_512KB_180sec_20151124102836,1,6,2,2,75,25,16,4096,0,88.86111111111111
1mon4osd_2driver_50read50write0delete_4worker_16container_4096object_512KB_180sec_20151124180707,1,4,2,4,50,50,16,4096,0,213.47222222222223
1mon30osd_1driver_90read10write0delete_1worker_16container_4096object_512KB_180sec_20151123012242,1,30,1,1,90,10,16,4096,0,11.0
1mon10osd_1driver_50read50write0delete_8worker_16container_4096object_512KB_180sec_20151123195118,1,10,1,8,50,50,16,4096,0,358.0
1mon30osd_2driver_100read0write0delete_16worker_16container_4096object_512KB_180sec_20151123053506,1,30,2,16,100,0,16,4096,0,0.0
1mon20osd_4driver_10read90write0delete_32worker_16container_4096object_512KB_180sec_20151123160926,1,20,4,32,10,90,16,4096,0,375.5
1mon20osd_4driver_25read75write0delete_16worker_16container_4096object_512KB_180sec_20151123152651,1,20,4,16,25,75,16,4096,0,378.47222222222223
1mon20osd_4driver_50read50write0delete_4worker_16container_4096object_512KB_180sec_20151123140811,1,20,4,4,50,50,16,4096,0,242.80555555555554
1mon20osd_1driver_0read100write0delete_2worker_16container_4096object_512KB_180sec_20151123101456,1,20,1,2,0,100,16,4096,0,230.44444444444446
1mon30osd_1driver_90read10write0delete_2worker_16container_4096object_512KB_180sec_20151123015838,1,30,1,2,90,10,16,4096,0,27.833333333333332
1mon6osd_2driver_10read90write0delete_4worker_16container_4096object_512KB_180sec_20151124111518,1,6,2,4,10,90,16,4096,0,341.30555555555554
1mon4osd_2driver_10read90write0delete_2worker_16container_4096object_512KB_180sec_20151124174409,1,4,2,2,10,90,16,4096,0,217.41666666666666
1mon8osd_1driver_0read100write0delete_2worker_16container_4096object_512KB_180sec_20151124020330,1,8,1,2,0,100,16,4096,0,241.77777777777777
1mon6osd_1driver_0read100write0delete_8worker_16container_4096object_512KB_180sec_20151124101427,1,6,1,8,0,100,16,4096,0,382.3611111111111
1mon30osd_1driver_25read75write0delete_2worker_16container_4096object_512KB_180sec_20151123021407,1,30,1,2,25,75,16,4096,0,166.36111111111111
1mon8osd_2driver_100read0write0delete_16worker_16container_4096object_512KB_180sec_20151124045503,1,8,2,16,100,0,16,4096,0,0.0
1mon4osd_2driver_90read10write0delete_16worker_16container_4096object_512KB_180sec_20151124190355,1,4,2,16,90,10,16,4096,0,134.02777777777777
1mon20osd_4driver_90read10write0delete_8worker_16container_4096object_512KB_180sec_20151123143405,1,20,4,8,90,10,16,4096,0,158.80555555555554
1mon30osd_1driver_75read25write0delete_2worker_16container_4096object_512KB_180sec_20151123020346,1,30,1,2,75,25,16,4096,0,61.388888888888886
1mon6osd_2driver_100read0write0delete_16worker_16container_4096object_512KB_180sec_20151124115845,1,6,2,16,100,0,16,4096,0,0.0
1mon30osd_4driver_25read75write0delete_16worker_16container_4096object_512KB_180sec_20151123075332,1,30,4,16,25,75,16,4096,0,373.19444444444446
1mon20osd_2driver_100read0write0delete_4worker_16container_4096object_512KB_180sec_20151123120548,1,20,2,4,100,0,16,4096,0,0.0
1mon30osd_1driver_50read50write0delete_1worker_16container_4096object_512KB_180sec_20151123013302,1,30,1,1,50,50,16,4096,0,64.36111111111111
1mon8osd_4driver_75read25write0delete_4worker_16container_4096object_512KB_180sec_20151124053846,1,8,4,4,75,25,16,4096,0,215.91666666666666
1mon8osd_4driver_75read25write0delete_32worker_16container_4096object_512KB_180sec_20151124072454,1,8,4,32,75,25,16,4096,0,367.25
1mon4osd_1driver_0read100write0delete_2worker_16container_4096object_512KB_180sec_20151124160918,1,4,1,2,0,100,16,4096,0,250.19444444444446
1mon4osd_4driver_100read0write0delete_4worker_16container_4096object_512KB_180sec_20151124193315,1,4,4,4,100,0,16,4096,0,0.0
1mon30osd_4driver_90read10write0delete_32worker_16container_4096object_512KB_180sec_20151123081523,1,30,4,32,90,10,16,4096,0,343.3888888888889
1mon8osd_1driver_90read10write0delete_1worker_16container_4096object_512KB_180sec_20151124010825,1,8,1,1,90,10,16,4096,0,20.944444444444443
1mon6osd_1driver_0read100write0delete_4worker_16container_4096object_512KB_180sec_20151124094118,1,6,1,4,0,100,16,4096,0,357.80555555555554
1mon30osd_1driver_0read100write0delete_4worker_16container_4096object_512KB_180sec_20151123030112,1,30,1,4,0,100,16,4096,0,330.97222222222223
1mon6osd_4driver_25read75write0delete_8worker_16container_4096object_512KB_180sec_20151124132559,1,6,4,8,25,75,16,4096,0,381.05555555555554
1mon6osd_4driver_100read0write0delete_16worker_16container_4096object_512KB_180sec_20151124134046,1,6,4,16,100,0,16,4096,0,0.0
1mon10osd_2driver_10read90write0delete_4worker_16container_4096object_512KB_180sec_20151123210807,1,10,2,4,10,90,16,4096,0,341.44444444444446
1mon4osd_1driver_100read0write0delete_2worker_16container_4096object_512KB_180sec_20151124154212,1,4,1,2,100,0,16,4096,0,0.0
1mon20osd_4driver_10read90write0delete_16worker_16container_4096object_512KB_180sec_20151123153211,1,20,4,16,10,90,16,4096,0,379.1621621621622
1mon10osd_4driver_25read75write0delete_4worker_16container_4096object_512KB_180sec_20151123224558,1,10,4,4,25,75,16,4096,0,323.1666666666667
1mon30osd_4driver_90read10write0delete_16worker_16container_4096object_512KB_180sec_20151123073642,1,30,4,16,90,10,16,4096,0,210.43243243243242
1mon30osd_1driver_75read25write0delete_1worker_16container_4096object_512KB_180sec_20151123012755,1,30,1,1,75,25,16,4096,0,32.638888888888886
1mon8osd_4driver_90read10write0delete_8worker_16container_4096object_512KB_180sec_20151124060753,1,8,4,8,90,10,16,4096,0,205.19444444444446
1mon6osd_1driver_10read90write0delete_1worker_16container_4096object_512KB_180sec_20151124083157,1,6,1,1,10,90,16,4096,0,129.11111111111111
1mon30osd_4driver_10read90write0delete_4worker_16container_4096object_512KB_180sec_20151123064122,1,30,4,4,10,90,16,4096,0,300.55555555555554
1mon4osd_1driver_25read75write0delete_4worker_16container_4096object_512KB_180sec_20151124163209,1,4,1,4,25,75,16,4096,0,279.18918918918916
1mon6osd_2driver_90read10write0delete_16worker_16container_4096object_512KB_180sec_20151124120319,1,6,2,16,90,10,16,4096,0,179.22222222222223
1mon6osd_4driver_0read100write0delete_4worker_16container_4096object_512KB_180sec_20151124130158,1,6,4,4,0,100,16,4096,0,351.75
1mon6osd_1driver_50read50write0delete_8worker_16container_4096object_512KB_180sec_20151124100000,1,6,1,8,50,50,16,4096,0,345.0
1mon10osd_2driver_10read90write0delete_16worker_16container_4096object_512KB_180sec_20151123221627,1,10,2,16,10,90,16,4096,0,386.9166666666667
1mon8osd_2driver_10read90write0delete_2worker_16container_4096object_512KB_180sec_20151124033758,1,8,2,2,10,90,16,4096,0,231.5
1mon20osd_4driver_10read90write0delete_4worker_16container_4096object_512KB_180sec_20151123141832,1,20,4,4,10,90,16,4096,0,306.8333333333333
1mon4osd_4driver_10read90write0delete_16worker_16container_4096object_512KB_180sec_20151124210346,1,4,4,16,10,90,16,4096,0,336.2162162162162
1mon8osd_2driver_25read75write0delete_2worker_16container_4096object_512KB_180sec_20151124033316,1,8,2,2,25,75,16,4096,0,208.22222222222223
1mon8osd_1driver_75read25write0delete_8worker_16container_4096object_512KB_180sec_20151124025029,1,8,1,8,75,25,16,4096,0,269.80555555555554
1mon8osd_4driver_10read90write0delete_4worker_16container_4096object_512KB_180sec_20151124055325,1,8,4,4,10,90,16,4096,0,351.30555555555554
1mon10osd_4driver_10read90write0delete_32worker_16container_4096object_512KB_180sec_20151124003530,1,10,4,32,10,90,16,4096,0,375.02702702702703
1mon20osd_2driver_75read25write0delete_16worker_16container_4096object_512KB_180sec_20151123132640,1,20,2,16,75,25,16,4096,0,336.18918918918916
1mon10osd_4driver_0read100write0delete_32worker_16container_4096object_512KB_180sec_20151124004040,1,10,4,32,0,100,16,4096,0,383.25
1mon4osd_2driver_75read25write0delete_2worker_16container_4096object_512KB_180sec_20151124173027,1,4,2,2,75,25,16,4096,0,66.72222222222223
1mon8osd_4driver_25read75write0delete_4worker_16container_4096object_512KB_180sec_20151124054828,1,8,4,4,25,75,16,4096,0,335.97222222222223
1mon10osd_1driver_100read0write0delete_4worker_16container_4096object_512KB_180sec_20151123190345,1,10,1,4,100,0,16,4096,0,0.0
1mon10osd_1driver_75read25write0delete_8worker_16container_4096object_512KB_180sec_20151123194628,1,10,1,8,75,25,16,4096,0,278.6111111111111
1mon10osd_2driver_25read75write0delete_2worker_16container_4096object_512KB_180sec_20151123202945,1,10,2,2,25,75,16,4096,0,213.83333333333334
1mon30osd_4driver_25read75write0delete_4worker_16container_4096object_512KB_180sec_20151123063535,1,30,4,4,25,75,16,4096,0,296.6666666666667
1mon8osd_4driver_0read100write0delete_16worker_16container_4096object_512KB_180sec_20151124071007,1,8,4,16,0,100,16,4096,0,386.6666666666667
1mon6osd_4driver_50read50write0delete_32worker_16container_4096object_512KB_180sec_20151124142919,1,6,4,32,50,50,16,4096,0,380.72972972972974
1mon6osd_1driver_10read90write0delete_4worker_16container_4096object_512KB_180sec_20151124093626,1,6,1,4,10,90,16,4096,0,330.13513513513516
1mon6osd_4driver_100read0write0delete_32worker_16container_4096object_512KB_180sec_20151124141450,1,6,4,32,100,0,16,4096,0,0.0
1mon30osd_2driver_25read75write0delete_2worker_16container_4096object_512KB_180sec_20151123040439,1,30,2,2,25,75,16,4096,0,189.33333333333334
1mon4osd_1driver_50read50write0delete_1worker_16container_4096object_512KB_180sec_20151124152404,1,4,1,1,50,50,16,4096,0,67.25
1mon6osd_4driver_0read100write0delete_8worker_16container_4096object_512KB_180sec_20151124133552,1,6,4,8,0,100,16,4096,0,381.02777777777777
1mon8osd_2driver_100read0write0delete_4worker_16container_4096object_512KB_180sec_20151124034734,1,8,2,4,100,0,16,4096,0,0.0
1mon6osd_2driver_10read90write0delete_16worker_16container_4096object_512KB_180sec_20151124122250,1,6,2,16,10,90,16,4096,0,370.2162162162162
1mon30osd_4driver_100read0write0delete_16worker_16container_4096object_512KB_180sec_20151123073126,1,30,4,16,100,0,16,4096,0,0.0
1mon6osd_4driver_75read25write0delete_4worker_16container_4096object_512KB_180sec_20151124124232,1,6,4,4,75,25,16,4096,0,173.08333333333334
1mon6osd_1driver_100read0write0delete_1worker_16container_4096object_512KB_180sec_20151124080915,1,6,1,1,100,0,16,4096,0,0.0
1mon20osd_2driver_50read50write0delete_2worker_16container_4096object_512KB_180sec_20151123114555,1,20,2,2,50,50,16,4096,0,125.41666666666667
1mon10osd_1driver_90read10write0delete_8worker_16container_4096object_512KB_180sec_20151123194145,1,10,1,8,90,10,16,4096,0,133.77777777777777
1mon6osd_4driver_10read90write0delete_32worker_16container_4096object_512KB_180sec_20151124143916,1,6,4,32,10,90,16,4096,0,379.52777777777777
1mon30osd_2driver_90read10write0delete_16worker_16container_4096object_512KB_180sec_20151123054023,1,30,2,16,90,10,16,4096,0,228.48648648648648
1mon30osd_1driver_90read10write0delete_4worker_16container_4096object_512KB_180sec_20151123023502,1,30,1,4,90,10,16,4096,0,52.111111111111114
1mon4osd_4driver_50read50write0delete_8worker_16container_4096object_512KB_180sec_20151124202017,1,4,4,8,50,50,16,4096,0,289.3611111111111
1mon20osd_1driver_50read50write0delete_4worker_16container_4096object_512KB_180sec_20151123103443,1,20,1,4,50,50,16,4096,0,207.05405405405406
1mon20osd_4driver_100read0write0delete_32worker_16container_4096object_512KB_180sec_20151123154254,1,20,4,32,100,0,16,4096,0,0.0
1mon6osd_1driver_25read75write0delete_2worker_16container_4096object_512KB_180sec_20151124085916,1,6,1,2,25,75,16,4096,0,187.77777777777777
1mon4osd_2driver_0read100write0delete_16worker_16container_4096object_512KB_180sec_20151124192802,1,4,2,16,0,100,16,4096,0,344.44444444444446
1mon30osd_4driver_0read100write0delete_8worker_16container_4096object_512KB_180sec_20151123072557,1,30,4,8,0,100,16,4096,0,375.75
1mon6osd_1driver_100read0write0delete_8worker_16container_4096object_512KB_180sec_20151124094606,1,6,1,8,100,0,16,4096,0,0.0
1mon10osd_4driver_50read50write0delete_8worker_16container_4096object_512KB_180sec_20151123231521,1,10,4,8,50,50,16,4096,0,371.52777777777777
1mon20osd_1driver_100read0write0delete_8worker_16container_4096object_512KB_180sec_20151123105500,1,20,1,8,100,0,16,4096,0,0.0
1mon6osd_1driver_100read0write0delete_2worker_16container_4096object_512KB_180sec_20151124084103,1,6,1,2,100,0,16,4096,0,0.0
1mon10osd_2driver_0read100write0delete_4worker_16container_4096object_512KB_180sec_20151123211301,1,10,2,4,0,100,16,4096,0,352.72222222222223
1mon20osd_1driver_25read75write0delete_2worker_16container_4096object_512KB_180sec_20151123100504,1,20,1,2,25,75,16,4096,0,170.44444444444446
1mon30osd_2driver_10read90write0delete_16worker_16container_4096object_512KB_180sec_20151123060236,1,30,2,16,10,90,16,4096,0,374.75
1mon20osd_2driver_10read90write0delete_16worker_16container_4096object_512KB_180sec_20151123134227,1,20,2,16,10,90,16,4096,0,379.5
1mon6osd_1driver_50read50write0delete_4worker_16container_4096object_512KB_180sec_20151124092701,1,6,1,4,50,50,16,4096,0,236.77777777777777
1mon4osd_2driver_10read90write0delete_4worker_16container_4096object_512KB_180sec_20151124181634,1,4,2,4,10,90,16,4096,0,321.30555555555554
1mon6osd_1driver_75read25write0delete_8worker_16container_4096object_512KB_180sec_20151124095519,1,6,1,8,75,25,16,4096,0,230.27777777777777
1mon4osd_2driver_50read50write0delete_8worker_16container_4096object_512KB_180sec_20151124183954,1,4,2,8,50,50,16,4096,0,283.2432432432432
1mon4osd_1driver_10read90write0delete_4worker_16container_4096object_512KB_180sec_20151124163657,1,4,1,4,10,90,16,4096,0,321.9166666666667
1mon8osd_1driver_100read0write0delete_2worker_16container_4096object_512KB_180sec_20151124013553,1,8,1,2,100,0,16,4096,0,0.0
1mon6osd_1driver_10read90write0delete_2worker_16container_4096object_512KB_180sec_20151124090353,1,6,1,2,10,90,16,4096,0,214.83333333333334
1mon8osd_1driver_25read75write0delete_4worker_16container_4096object_512KB_180sec_20151124022642,1,8,1,4,25,75,16,4096,0,320.44444444444446
1mon10osd_4driver_50read50write0delete_32worker_16container_4096object_512KB_180sec_20151124002518,1,10,4,32,50,50,16,4096,0,376.2162162162162
1mon6osd_1driver_90read10write0delete_2worker_16container_4096object_512KB_180sec_20151124084537,1,6,1,2,90,10,16,4096,0,33.888888888888886
1mon30osd_4driver_50read50write0delete_4worker_16container_4096object_512KB_180sec_20151123062956,1,30,4,4,50,50,16,4096,0,249.80555555555554
1mon8osd_1driver_100read0write0delete_1worker_16container_4096object_512KB_180sec_20151124010347,1,8,1,1,100,0,16,4096,0,0.0
1mon8osd_2driver_50read50write0delete_16worker_16container_4096object_512KB_180sec_20151124050916,1,8,2,16,50,50,16,4096,0,385.75
1mon20osd_4driver_25read75write0delete_4worker_16container_4096object_512KB_180sec_20151123141320,1,20,4,4,25,75,16,4096,0,289.69444444444446
1mon20osd_1driver_100read0write0delete_4worker_16container_4096object_512KB_180sec_20151123101954,1,20,1,4,100,0,16,4096,0,0.0
1mon4osd_4driver_75read25write0delete_32worker_16container_4096object_512KB_180sec_20151124212254,1,4,4,32,75,25,16,4096,0,292.0833333333333
1mon8osd_1driver_90read10write0delete_2worker_16container_4096object_512KB_180sec_20151124014022,1,8,1,2,90,10,16,4096,0,39.22222222222222
1mon4osd_2driver_100read0write0delete_8worker_16container_4096object_512KB_180sec_20151124182610,1,4,2,8,100,0,16,4096,0,0.0
1mon10osd_1driver_50read50write0delete_1worker_16container_4096object_512KB_180sec_20151123181236,1,10,1,1,50,50,16,4096,0,81.91666666666667
1mon10osd_4driver_10read90write0delete_8worker_16container_4096object_512KB_180sec_20151123232521,1,10,4,8,10,90,16,4096,0,381.1666666666667
1mon6osd_2driver_75read25write0delete_16worker_16container_4096object_512KB_180sec_20151124120803,1,6,2,16,75,25,16,4096,0,326.6666666666667
