,mon,osd,driver,worker,read,write,container,object,size,throughput-read
1mon20osd_1driver_10read90write0delete_8worker_16container_4096object_512KB_180sec_20151123112037,1,20,1,8,10,90,16,4096,0,8.449166666666667
1mon20osd_2driver_75read25write0delete_2worker_16container_4096object_512KB_180sec_20151123114057,1,20,2,2,75,25,16,4096,0,46.57805555555556
1mon20osd_4driver_25read75write0delete_32worker_16container_4096object_512KB_180sec_20151123160404,1,20,4,32,25,75,16,4096,0,24.03027027027027
1mon6osd_1driver_50read50write0delete_1worker_16container_4096object_512KB_180sec_20151124082255,1,6,1,1,50,50,16,4096,0,15.396388888888891
1mon20osd_1driver_0read100write0delete_8worker_16container_4096object_512KB_180sec_20151123112545,1,20,1,8,0,100,16,4096,0,0.0
1mon8osd_1driver_100read0write0delete_4worker_16container_4096object_512KB_180sec_20151124020812,1,8,1,4,100,0,16,4096,0,167.15749999999997
1mon4osd_4driver_90read10write0delete_32worker_16container_4096object_512KB_180sec_20151124211807,1,4,4,32,90,10,16,4096,0,345.8102777777778
1mon20osd_4driver_75read25write0delete_8worker_16container_4096object_512KB_180sec_20151123143916,1,20,4,8,75,25,16,4096,0,185.7711111111111
1mon6osd_1driver_100read0write0delete_4worker_16container_4096object_512KB_180sec_20151124091314,1,6,1,4,100,0,16,4096,0,134.35722222222225
1mon20osd_2driver_90read10write0delete_16worker_16container_4096object_512KB_180sec_20151123132130,1,20,2,16,90,10,16,4096,0,335.49540540540534
1mon20osd_1driver_25read75write0delete_4worker_16container_4096object_512KB_180sec_20151123103947,1,20,1,4,25,75,16,4096,0,18.23277777777778
1mon8osd_4driver_10read90write0delete_8worker_16container_4096object_512KB_180sec_20151124062726,1,8,4,8,10,90,16,4096,0,8.61138888888889
1mon6osd_1driver_75read25write0delete_2worker_16container_4096object_512KB_180sec_20151124085006,1,6,1,2,75,25,16,4096,0,46.239444444444445
1mon30osd_2driver_50read50write0delete_8worker_16container_4096object_512KB_180sec_20151123051318,1,30,2,8,50,50,16,4096,0,72.58638888888889
1mon20osd_4driver_75read25write0delete_4worker_16container_4096object_512KB_180sec_20151123140308,1,20,4,4,75,25,16,4096,0,102.89777777777778
1mon10osd_1driver_10read90write0delete_4worker_16container_4096object_512KB_180sec_20151123192719,1,10,1,4,10,90,16,4096,0,7.510833333333333
1mon8osd_1driver_50read50write0delete_4worker_16container_4096object_512KB_180sec_20151124022159,1,8,1,4,50,50,16,4096,0,53.54750000000001
1mon4osd_4driver_50read50write0delete_32worker_16container_4096object_512KB_180sec_20151124212749,1,4,4,32,50,50,16,4096,0,66.68810810810811
1mon10osd_4driver_75read25write0delete_32worker_16container_4096object_512KB_180sec_20151124002009,1,10,4,32,75,25,16,4096,0,222.9413513513513
1mon30osd_1driver_25read75write0delete_1worker_16container_4096object_512KB_180sec_20151123013804,1,30,1,1,25,75,16,4096,0,6.778611111111111
1mon6osd_1driver_50read50write0delete_2worker_16container_4096object_512KB_180sec_20151124085438,1,6,1,2,50,50,16,4096,0,26.501666666666665
1mon10osd_2driver_100read0write0delete_8worker_16container_4096object_512KB_180sec_20151123211756,1,10,2,8,100,0,16,4096,0,431.0722222222223
1mon6osd_2driver_75read25write0delete_8worker_16container_4096object_512KB_180sec_20151124113411,1,6,2,8,75,25,16,4096,0,167.2288888888889
1mon8osd_2driver_50read50write0delete_2worker_16container_4096object_512KB_180sec_20151124032835,1,8,2,2,50,50,16,4096,0,36.10333333333333
1mon10osd_4driver_10read90write0delete_16worker_16container_4096object_512KB_180sec_20151124000021,1,10,4,16,10,90,16,4096,0,8.584444444444443
1mon10osd_1driver_25read75write0delete_8worker_16container_4096object_512KB_180sec_20151123195610,1,10,1,8,25,75,16,4096,0,26.213055555555556
1mon6osd_4driver_100read0write0delete_8worker_16container_4096object_512KB_180sec_20151124130651,1,6,4,8,100,0,16,4096,0,464.8044444444444
1mon20osd_2driver_90read10write0delete_2worker_16container_4096object_512KB_180sec_20151123113603,1,20,2,2,90,10,16,4096,0,62.63555555555555
1mon6osd_4driver_0read100write0delete_16worker_16container_4096object_512KB_180sec_20151124140955,1,6,4,16,0,100,16,4096,0,0.0
1mon8osd_2driver_0read100write0delete_8worker_16container_4096object_512KB_180sec_20151124045010,1,8,2,8,0,100,16,4096,0,0.0
1mon10osd_4driver_90read10write0delete_16worker_16container_4096object_512KB_180sec_20151123234011,1,10,4,16,90,10,16,4096,0,542.5113888888889
1mon30osd_1driver_10read90write0delete_4worker_16container_4096object_512KB_180sec_20151123025555,1,30,1,4,10,90,16,4096,0,7.6049999999999995
1mon8osd_4driver_100read0write0delete_32worker_16container_4096object_512KB_180sec_20151124071508,1,8,4,32,100,0,16,4096,0,994.6663888888891
1mon20osd_2driver_90read10write0delete_4worker_16container_4096object_512KB_180sec_20151123121036,1,20,2,4,90,10,16,4096,0,125.01888888888887
1mon10osd_2driver_75read25write0delete_2worker_16container_4096object_512KB_180sec_20151123202022,1,10,2,2,75,25,16,4096,0,75.01305555555557
1mon8osd_2driver_10read90write0delete_4worker_16container_4096object_512KB_180sec_20151124041121,1,8,2,4,10,90,16,4096,0,8.152777777777777
1mon6osd_4driver_25read75write0delete_4worker_16container_4096object_512KB_180sec_20151124125209,1,6,4,4,25,75,16,4096,0,21.031666666666666
1mon20osd_4driver_90read10write0delete_32worker_16container_4096object_512KB_180sec_20151123154752,1,20,4,32,90,10,16,4096,0,521.5005405405406
1mon4osd_2driver_0read100write0delete_4worker_16container_4096object_512KB_180sec_20151124182122,1,4,2,4,0,100,16,4096,0,0.0
1mon30osd_2driver_75read25write0delete_8worker_16container_4096object_512KB_180sec_20151123050757,1,30,2,8,75,25,16,4096,0,176.2686111111111
1mon4osd_1driver_50read50write0delete_8worker_16container_4096object_512KB_180sec_20151124170052,1,4,1,8,50,50,16,4096,0,54.10944444444445
1mon4osd_2driver_100read0write0delete_16worker_16container_4096object_512KB_180sec_20151124185926,1,4,2,16,100,0,16,4096,0,358.59444444444443
1mon6osd_4driver_100read0write0delete_4worker_16container_4096object_512KB_180sec_20151124123320,1,6,4,4,100,0,16,4096,0,231.82277777777776
1mon30osd_4driver_75read25write0delete_8worker_16container_4096object_512KB_180sec_20151123070402,1,30,4,8,75,25,16,4096,0,181.06111111111107
1mon8osd_2driver_0read100write0delete_4worker_16container_4096object_512KB_180sec_20151124041615,1,8,2,4,0,100,16,4096,0,0.0
1mon6osd_2driver_25read75write0delete_16worker_16container_4096object_512KB_180sec_20151124121755,1,6,2,16,25,75,16,4096,0,25.07777777777778
1mon8osd_4driver_25read75write0delete_16worker_16container_4096object_512KB_180sec_20151124070002,1,8,4,16,25,75,16,4096,0,25.441944444444445
1mon6osd_2driver_50read50write0delete_2worker_16container_4096object_512KB_180sec_20151124103309,1,6,2,2,50,50,16,4096,0,29.258611111111115
1mon20osd_1driver_25read75write0delete_1worker_16container_4096object_512KB_180sec_20151123093050,1,20,1,1,25,75,16,4096,0,6.584722222222221
1mon10osd_1driver_75read25write0delete_4worker_16container_4096object_512KB_180sec_20151123191257,1,10,1,4,75,25,16,4096,0,110.4738888888889
1mon30osd_1driver_75read25write0delete_4worker_16container_4096object_512KB_180sec_20151123024016,1,30,1,4,75,25,16,4096,0,70.77611111111112
1mon8osd_1driver_90read10write0delete_8worker_16container_4096object_512KB_180sec_20151124024548,1,8,1,8,90,10,16,4096,0,247.0061111111111
1mon30osd_1driver_0read100write0delete_8worker_16container_4096object_512KB_180sec_20151123033830,1,30,1,8,0,100,16,4096,0,0.0
1mon20osd_1driver_100read0write0delete_1worker_16container_4096object_512KB_180sec_20151123091023,1,20,1,1,100,0,16,4096,0,14.950555555555553
1mon30osd_2driver_0read100write0delete_8worker_16container_4096object_512KB_180sec_20151123052936,1,30,2,8,0,100,16,4096,0,0.0
1mon4osd_4driver_0read100write0delete_16worker_16container_4096object_512KB_180sec_20151124210841,1,4,4,16,0,100,16,4096,0,0.0
1mon4osd_1driver_10read90write0delete_2worker_16container_4096object_512KB_180sec_20151124160440,1,4,1,2,10,90,16,4096,0,5.395833333333333
1mon8osd_2driver_90read10write0delete_4worker_16container_4096object_512KB_180sec_20151124035213,1,8,2,4,90,10,16,4096,0,193.4525
1mon10osd_4driver_25read75write0delete_16worker_16container_4096object_512KB_180sec_20151123235518,1,10,4,16,25,75,16,4096,0,26.63432432432432
1mon10osd_2driver_50read50write0delete_8worker_16container_4096object_512KB_180sec_20151123213220,1,10,2,8,50,50,16,4096,0,76.00027027027026
1mon8osd_2driver_50read50write0delete_4worker_16container_4096object_512KB_180sec_20151124040137,1,8,2,4,50,50,16,4096,0,58.81527777777777
1mon8osd_1driver_10read90write0delete_4worker_16container_4096object_512KB_180sec_20151124023129,1,8,1,4,10,90,16,4096,0,7.714722222222223
1mon10osd_1driver_25read75write0delete_1worker_16container_4096object_512KB_180sec_20151123181711,1,10,1,1,25,75,16,4096,0,7.715833333333332
1mon20osd_1driver_75read25write0delete_2worker_16container_4096object_512KB_180sec_20151123095523,1,20,1,2,75,25,16,4096,0,38.53361111111111
1mon6osd_4driver_90read10write0delete_4worker_16container_4096object_512KB_180sec_20151124123753,1,6,4,4,90,10,16,4096,0,163.80527777777777
1mon10osd_1driver_75read25write0delete_2worker_16container_4096object_512KB_180sec_20151123184012,1,10,1,2,75,25,16,4096,0,54.367222222222225
1mon20osd_4driver_50read50write0delete_16worker_16container_4096object_512KB_180sec_20151123152132,1,20,4,16,50,50,16,4096,0,75.46583333333334
1mon10osd_4driver_0read100write0delete_4worker_16container_4096object_512KB_180sec_20151123225553,1,10,4,4,0,100,16,4096,0,0.0
1mon6osd_1driver_25read75write0delete_8worker_16container_4096object_512KB_180sec_20151124100448,1,6,1,8,25,75,16,4096,0,26.1725
1mon8osd_4driver_10read90write0delete_16worker_16container_4096object_512KB_180sec_20151124070510,1,8,4,16,10,90,16,4096,0,8.200833333333332
1mon20osd_2driver_75read25write0delete_8worker_16container_4096object_512KB_180sec_20151123125046,1,20,2,8,75,25,16,4096,0,161.00138888888887
1mon10osd_1driver_100read0write0delete_2worker_16container_4096object_512KB_180sec_20151123183106,1,10,1,2,100,0,16,4096,0,82.7061111111111
1mon10osd_4driver_25read75write0delete_8worker_16container_4096object_512KB_180sec_20151123232021,1,10,4,8,25,75,16,4096,0,23.87361111111111
1mon8osd_4driver_90read10write0delete_4worker_16container_4096object_512KB_180sec_20151124053404,1,8,4,4,90,10,16,4096,0,230.3961111111111
1mon6osd_1driver_90read10write0delete_4worker_16container_4096object_512KB_180sec_20151124091746,1,6,1,4,90,10,16,4096,0,117.86277777777777
1mon30osd_2driver_100read0write0delete_8worker_16container_4096object_512KB_180sec_20151123045733,1,30,2,8,100,0,16,4096,0,330.2052777777777
1mon8osd_1driver_25read75write0delete_1worker_16container_4096object_512KB_180sec_20151124012206,1,8,1,1,25,75,16,4096,0,7.749166666666667
1mon30osd_4driver_10read90write0delete_32worker_16container_4096object_512KB_180sec_20151123083733,1,30,4,32,10,90,16,4096,0,7.787837837837836
1mon30osd_2driver_75read25write0delete_16worker_16container_4096object_512KB_180sec_20151123054601,1,30,2,16,75,25,16,4096,0,206.9964864864865
1mon20osd_1driver_50read50write0delete_1worker_16container_4096object_512KB_180sec_20151123092555,1,20,1,1,50,50,16,4096,0,13.074999999999998
1mon10osd_4driver_50read50write0delete_16worker_16container_4096object_512KB_180sec_20151123235013,1,10,4,16,50,50,16,4096,0,77.44702702702702
1mon8osd_1driver_25read75write0delete_2worker_16container_4096object_512KB_180sec_20151124015403,1,8,1,2,25,75,16,4096,0,13.245555555555555
1mon20osd_4driver_90read10write0delete_4worker_16container_4096object_512KB_180sec_20151123135806,1,20,4,4,90,10,16,4096,0,150.3738888888889
1mon20osd_2driver_50read50write0delete_4worker_16container_4096object_512KB_180sec_20151123122027,1,20,2,4,50,50,16,4096,0,47.72416666666666
1mon20osd_2driver_0read100write0delete_8worker_16container_4096object_512KB_180sec_20151123131125,1,20,2,8,0,100,16,4096,0,0.0
1mon8osd_4driver_100read0write0delete_16worker_16container_4096object_512KB_180sec_20151124063746,1,8,4,16,100,0,16,4096,0,855.8661111111111
1mon4osd_2driver_90read10write0delete_2worker_16container_4096object_512KB_180sec_20151124172557,1,4,2,2,90,10,16,4096,0,53.82277777777778
1mon30osd_2driver_25read75write0delete_8worker_16container_4096object_512KB_180sec_20151123051848,1,30,2,8,25,75,16,4096,0,24.841666666666665
1mon4osd_1driver_50read50write0delete_2worker_16container_4096object_512KB_180sec_20151124155533,1,4,1,2,50,50,16,4096,0,24.090833333333336
1mon6osd_4driver_50read50write0delete_8worker_16container_4096object_512KB_180sec_20151124132105,1,6,4,8,50,50,16,4096,0,73.16111111111113
1mon8osd_4driver_25read75write0delete_32worker_16container_4096object_512KB_180sec_20151124073506,1,8,4,32,25,75,16,4096,0,25.341111111111108
1mon8osd_2driver_90read10write0delete_2worker_16container_4096object_512KB_180sec_20151124031927,1,8,2,2,90,10,16,4096,0,106.19861111111112
1mon8osd_1driver_75read25write0delete_1worker_16container_4096object_512KB_180sec_20151124011256,1,8,1,1,75,25,16,4096,0,27.756666666666664
1mon20osd_1driver_10read90write0delete_1worker_16container_4096object_512KB_180sec_20151123093539,1,20,1,1,10,90,16,4096,0,3.4241666666666664
1mon30osd_4driver_0read100write0delete_4worker_16container_4096object_512KB_180sec_20151123064659,1,30,4,4,0,100,16,4096,0,0.0
1mon30osd_2driver_50read50write0delete_4worker_16container_4096object_512KB_180sec_20151123043612,1,30,2,4,50,50,16,4096,0,52.14194444444444
1mon10osd_4driver_75read25write0delete_8worker_16container_4096object_512KB_180sec_20151123231022,1,10,4,8,75,25,16,4096,0,198.7744444444444
1mon6osd_2driver_90read10write0delete_4worker_16container_4096object_512KB_180sec_20151124105622,1,6,2,4,90,10,16,4096,0,148.58916666666667
1mon8osd_1driver_25read75write0delete_8worker_16container_4096object_512KB_180sec_20151124030009,1,8,1,8,25,75,16,4096,0,24.51222222222222
1mon4osd_2driver_10read90write0delete_16worker_16container_4096object_512KB_180sec_20151124192309,1,4,2,16,10,90,16,4096,0,7.987500000000001
1mon6osd_2driver_90read10write0delete_8worker_16container_4096object_512KB_180sec_20151124112931,1,6,2,8,90,10,16,4096,0,255.77555555555557
1mon4osd_4driver_100read0write0delete_8worker_16container_4096object_512KB_180sec_20151124200624,1,4,4,8,100,0,16,4096,0,248.13833333333338
1mon10osd_1driver_25read75write0delete_2worker_16container_4096object_512KB_180sec_20151123184929,1,10,1,2,25,75,16,4096,0,13.871944444444445
1mon10osd_4driver_100read0write0delete_4worker_16container_4096object_512KB_180sec_20151123222643,1,10,4,4,100,0,16,4096,0,351.0624999999999
1mon20osd_4driver_10read90write0delete_8worker_16container_4096object_512KB_180sec_20151123145513,1,20,4,8,10,90,16,4096,0,8.66638888888889
1mon6osd_1driver_10read90write0delete_8worker_16container_4096object_512KB_180sec_20151124100938,1,6,1,8,10,90,16,4096,0,8.400555555555556
1mon4osd_4driver_100read0write0delete_32worker_16container_4096object_512KB_180sec_20151124211340,1,4,4,32,100,0,16,4096,0,480.3319444444444
1mon30osd_2driver_75read25write0delete_2worker_16container_4096object_512KB_180sec_20151123035417,1,30,2,2,75,25,16,4096,0,50.67138888888889
1mon10osd_2driver_10read90write0delete_8worker_16container_4096object_512KB_180sec_20151123214217,1,10,2,8,10,90,16,4096,0,8.409722222222221
1mon4osd_2driver_90read10write0delete_4worker_16container_4096object_512KB_180sec_20151124175802,1,4,2,4,90,10,16,4096,0,100.73805555555556
1mon10osd_1driver_100read0write0delete_1worker_16container_4096object_512KB_180sec_20151123175844,1,10,1,1,100,0,16,4096,0,28.048055555555553
1mon10osd_4driver_0read100write0delete_16worker_16container_4096object_512KB_180sec_20151124000523,1,10,4,16,0,100,16,4096,0,0.0
1mon10osd_1driver_0read100write0delete_1worker_16container_4096object_512KB_180sec_20151123182626,1,10,1,1,0,100,16,4096,0,0.0
1mon30osd_2driver_25read75write0delete_16worker_16container_4096object_512KB_180sec_20151123055703,1,30,2,16,25,75,16,4096,0,23.818333333333335
1mon6osd_1driver_90read10write0delete_8worker_16container_4096object_512KB_180sec_20151124095039,1,6,1,8,90,10,16,4096,0,198.7402777777778
1mon20osd_2driver_25read75write0delete_16worker_16container_4096object_512KB_180sec_20151123133715,1,20,2,16,25,75,16,4096,0,25.607222222222223
1mon4osd_1driver_75read25write0delete_2worker_16container_4096object_512KB_180sec_20151124155105,1,4,1,2,75,25,16,4096,0,38.99972222222223
1mon6osd_4driver_0read100write0delete_32worker_16container_4096object_512KB_180sec_20151124144412,1,6,4,32,0,100,16,4096,0,0.0
1mon20osd_2driver_10read90write0delete_2worker_16container_4096object_512KB_180sec_20151123115549,1,20,2,2,10,90,16,4096,0,4.860555555555556
1mon4osd_1driver_0read100write0delete_4worker_16container_4096object_512KB_180sec_20151124164142,1,4,1,4,0,100,16,4096,0,0.0
1mon4osd_2driver_50read50write0delete_2worker_16container_4096object_512KB_180sec_20151124173457,1,4,2,2,50,50,16,4096,0,24.61416666666667
1mon30osd_1driver_100read0write0delete_2worker_16container_4096object_512KB_180sec_20151123015328,1,30,1,2,100,0,16,4096,0,54.82722222222222
1mon20osd_2driver_25read75write0delete_4worker_16container_4096object_512KB_180sec_20151123122528,1,20,2,4,25,75,16,4096,0,19.800277777777772
1mon6osd_4driver_75read25write0delete_8worker_16container_4096object_512KB_180sec_20151124131609,1,6,4,8,75,25,16,4096,0,184.37111111111113
1mon8osd_2driver_75read25write0delete_16worker_16container_4096object_512KB_180sec_20151124050421,1,8,2,16,75,25,16,4096,0,233.17388888888894
1mon20osd_1driver_90read10write0delete_4worker_16container_4096object_512KB_180sec_20151123102453,1,20,1,4,90,10,16,4096,0,95.5313888888889
1mon8osd_1driver_100read0write0delete_8worker_16container_4096object_512KB_180sec_20151124024112,1,8,1,8,100,0,16,4096,0,288.9013888888889
1mon10osd_2driver_90read10write0delete_8worker_16container_4096object_512KB_180sec_20151123212234,1,10,2,8,90,10,16,4096,0,330.68111111111114
1mon6osd_2driver_90read10write0delete_2worker_16container_4096object_512KB_180sec_20151124102404,1,6,2,2,90,10,16,4096,0,79.04388888888889
1mon8osd_4driver_75read25write0delete_16worker_16container_4096object_512KB_180sec_20151124064858,1,8,4,16,75,25,16,4096,0,185.27416666666667
1mon8osd_4driver_10read90write0delete_32worker_16container_4096object_512KB_180sec_20151124074004,1,8,4,32,10,90,16,4096,0,7.870270270270268
1mon10osd_2driver_75read25write0delete_16worker_16container_4096object_512KB_180sec_20151123220138,1,10,2,16,75,25,16,4096,0,227.1025
1mon30osd_1driver_0read100write0delete_2worker_16container_4096object_512KB_180sec_20151123022431,1,30,1,2,0,100,16,4096,0,0.0
1mon30osd_4driver_10read90write0delete_8worker_16container_4096object_512KB_180sec_20151123072029,1,30,4,8,10,90,16,4096,0,8.33888888888889
1mon6osd_2driver_100read0write0delete_2worker_16container_4096object_512KB_180sec_20151124101930,1,6,2,2,100,0,16,4096,0,107.265
1mon8osd_4driver_100read0write0delete_4worker_16container_4096object_512KB_180sec_20151124052920,1,8,4,4,100,0,16,4096,0,334.6850000000001
1mon8osd_2driver_0read100write0delete_2worker_16container_4096object_512KB_180sec_20151124034245,1,8,2,2,0,100,16,4096,0,0.0
1mon4osd_4driver_0read100write0delete_32worker_16container_4096object_512KB_180sec_20151124214249,1,4,4,32,0,100,16,4096,0,0.0
1mon6osd_4driver_10read90write0delete_8worker_16container_4096object_512KB_180sec_20151124133058,1,6,4,8,10,90,16,4096,0,8.524722222222223
1mon10osd_1driver_0read100write0delete_8worker_16container_4096object_512KB_180sec_20151123200600,1,10,1,8,0,100,16,4096,0,0.0
1mon6osd_4driver_25read75write0delete_16worker_16container_4096object_512KB_180sec_20151124140005,1,6,4,16,25,75,16,4096,0,26.069444444444446
1mon8osd_1driver_75read25write0delete_4worker_16container_4096object_512KB_180sec_20151124021719,1,8,1,4,75,25,16,4096,0,104.29916666666666
1mon8osd_2driver_10read90write0delete_8worker_16container_4096object_512KB_180sec_20151124044513,1,8,2,8,10,90,16,4096,0,8.07
1mon30osd_4driver_75read25write0delete_4worker_16container_4096object_512KB_180sec_20151123062414,1,30,4,4,75,25,16,4096,0,108.6861111111111
1mon10osd_1driver_0read100write0delete_4worker_16container_4096object_512KB_180sec_20151123193211,1,10,1,4,0,100,16,4096,0,0.0
1mon30osd_1driver_0read100write0delete_1worker_16container_4096object_512KB_180sec_20151123014813,1,30,1,1,0,100,16,4096,0,0.0
1mon10osd_2driver_100read0write0delete_16worker_16container_4096object_512KB_180sec_20151123215205,1,10,2,16,100,0,16,4096,0,600.1983333333333
1mon8osd_2driver_75read25write0delete_8worker_16container_4096object_512KB_180sec_20151124043031,1,8,2,8,75,25,16,4096,0,189.7072222222222
1mon30osd_2driver_90read10write0delete_8worker_16container_4096object_512KB_180sec_20151123050241,1,30,2,8,90,10,16,4096,0,267.7319444444444
1mon6osd_4driver_75read25write0delete_16worker_16container_4096object_512KB_180sec_20151124135005,1,6,4,16,75,25,16,4096,0,210.8361111111111
1mon30osd_1driver_50read50write0delete_2worker_16container_4096object_512KB_180sec_20151123020858,1,30,1,2,50,50,16,4096,0,23.71472222222222
1mon20osd_4driver_25read75write0delete_8worker_16container_4096object_512KB_180sec_20151123144952,1,20,4,8,25,75,16,4096,0,25.788888888888884
1mon8osd_4driver_100read0write0delete_8worker_16container_4096object_512KB_180sec_20151124060315,1,8,4,8,100,0,16,4096,0,595.1322222222221
1mon10osd_1driver_90read10write0delete_4worker_16container_4096object_512KB_180sec_20151123190821,1,10,1,4,90,10,16,4096,0,154.48611111111111
1mon4osd_4driver_75read25write0delete_16worker_16container_4096object_512KB_180sec_20151124204910,1,4,4,16,75,25,16,4096,0,163.4972222222222
1mon4osd_1driver_75read25write0delete_4worker_16container_4096object_512KB_180sec_20151124162259,1,4,1,4,75,25,16,4096,0,70.63944444444445
1mon30osd_2driver_10read90write0delete_8worker_16container_4096object_512KB_180sec_20151123052412,1,30,2,8,10,90,16,4096,0,8.79638888888889
1mon30osd_1driver_25read75write0delete_4worker_16container_4096object_512KB_180sec_20151123025040,1,30,1,4,25,75,16,4096,0,20.285277777777775
1mon8osd_2driver_100read0write0delete_8worker_16container_4096object_512KB_180sec_20151124042109,1,8,2,8,100,0,16,4096,0,440.85222222222217
1mon4osd_4driver_0read100write0delete_4worker_16container_4096object_512KB_180sec_20151124200132,1,4,4,4,0,100,16,4096,0,0.0
1mon30osd_2driver_100read0write0delete_4worker_16container_4096object_512KB_180sec_20151123042033,1,30,2,4,100,0,16,4096,0,202.63611111111112
1mon10osd_1driver_10read90write0delete_1worker_16container_4096object_512KB_180sec_20151123182148,1,10,1,1,10,90,16,4096,0,2.958611111111111
1mon20osd_4driver_100read0write0delete_4worker_16container_4096object_512KB_180sec_20151123135309,1,20,4,4,100,0,16,4096,0,210.87611111111107
1mon8osd_2driver_25read75write0delete_8worker_16container_4096object_512KB_180sec_20151124044016,1,8,2,8,25,75,16,4096,0,25.745405405405403
1mon6osd_2driver_100read0write0delete_8worker_16container_4096object_512KB_180sec_20151124112458,1,6,2,8,100,0,16,4096,0,384.155
1mon6osd_2driver_0read100write0delete_8worker_16container_4096object_512KB_180sec_20151124115352,1,6,2,8,0,100,16,4096,0,0.0
1mon4osd_2driver_25read75write0delete_4worker_16container_4096object_512KB_180sec_20151124181148,1,4,2,4,25,75,16,4096,0,19.919444444444444
1mon30osd_2driver_25read75write0delete_4worker_16container_4096object_512KB_180sec_20151123044130,1,30,2,4,25,75,16,4096,0,20.7425
1mon6osd_1driver_25read75write0delete_1worker_16container_4096object_512KB_180sec_20151124082724,1,6,1,1,25,75,16,4096,0,7.343055555555556
1mon10osd_2driver_50read50write0delete_4worker_16container_4096object_512KB_180sec_20151123205818,1,10,2,4,50,50,16,4096,0,58.94472222222222
1mon6osd_1driver_0read100write0delete_1worker_16container_4096object_512KB_180sec_20151124083630,1,6,1,1,0,100,16,4096,0,0.0
1mon30osd_2driver_90read10write0delete_4worker_16container_4096object_512KB_180sec_20151123042545,1,30,2,4,90,10,16,4096,0,149.9475
1mon10osd_2driver_25read75write0delete_4worker_16container_4096object_512KB_180sec_20151123210313,1,10,2,4,25,75,16,4096,0,22.885833333333338
1mon30osd_2driver_90read10write0delete_2worker_16container_4096object_512KB_180sec_20151123034912,1,30,2,2,90,10,16,4096,0,70.13416666666666
1mon4osd_4driver_25read75write0delete_4worker_16container_4096object_512KB_180sec_20151124195144,1,4,4,4,25,75,16,4096,0,19.224166666666665
1mon4osd_2driver_0read100write0delete_2worker_16container_4096object_512KB_180sec_20151124174849,1,4,2,2,0,100,16,4096,0,0.0
1mon30osd_4driver_50read50write0delete_16worker_16container_4096object_512KB_180sec_20151123074800,1,30,4,16,50,50,16,4096,0,74.36083333333333
1mon8osd_1driver_10read90write0delete_1worker_16container_4096object_512KB_180sec_20151124012640,1,8,1,1,10,90,16,4096,0,3.207777777777778
1mon8osd_2driver_75read25write0delete_2worker_16container_4096object_512KB_180sec_20151124032400,1,8,2,2,75,25,16,4096,0,70.79083333333334
1mon10osd_2driver_75read25write0delete_4worker_16container_4096object_512KB_180sec_20151123205332,1,10,2,4,75,25,16,4096,0,128.67472222222221
1mon20osd_2driver_0read100write0delete_2worker_16container_4096object_512KB_180sec_20151123120048,1,20,2,2,0,100,16,4096,0,0.0
1mon6osd_2driver_25read75write0delete_8worker_16container_4096object_512KB_180sec_20151124114350,1,6,2,8,25,75,16,4096,0,24.00166666666667
1mon20osd_2driver_100read0write0delete_16worker_16container_4096object_512KB_180sec_20151123131639,1,20,2,16,100,0,16,4096,0,384.46166666666676
1mon10osd_1driver_10read90write0delete_2worker_16container_4096object_512KB_180sec_20151123185412,1,10,1,2,10,90,16,4096,0,5.381944444444445
1mon20osd_2driver_25read75write0delete_2worker_16container_4096object_512KB_180sec_20151123115053,1,20,2,2,25,75,16,4096,0,11.9425
1mon20osd_1driver_75read25write0delete_8worker_16container_4096object_512KB_180sec_20151123110509,1,20,1,8,75,25,16,4096,0,132.0935135135135
1mon30osd_1driver_90read10write0delete_8worker_16container_4096object_512KB_180sec_20151123031135,1,30,1,8,90,10,16,4096,0,194.76611111111114
1mon20osd_4driver_50read50write0delete_32worker_16container_4096object_512KB_180sec_20151123155846,1,20,4,32,50,50,16,4096,0,77.01027777777777
1mon4osd_1driver_25read75write0delete_8worker_16container_4096object_512KB_180sec_20151124170539,1,4,1,8,25,75,16,4096,0,22.165277777777778
1mon10osd_2driver_100read0write0delete_2worker_16container_4096object_512KB_180sec_20151123201108,1,10,2,2,100,0,16,4096,0,149.51666666666665
1mon20osd_2driver_0read100write0delete_4worker_16container_4096object_512KB_180sec_20151123123539,1,20,2,4,0,100,16,4096,0,0.0
1mon4osd_4driver_90read10write0delete_16worker_16container_4096object_512KB_180sec_20151124204425,1,4,4,16,90,10,16,4096,0,255.61944444444447
1mon4osd_4driver_25read75write0delete_32worker_16container_4096object_512KB_180sec_20151124213252,1,4,4,32,25,75,16,4096,0,22.932222222222222
1mon8osd_1driver_50read50write0delete_1worker_16container_4096object_512KB_180sec_20151124011730,1,8,1,1,50,50,16,4096,0,16.634999999999998
1mon10osd_4driver_50read50write0delete_4worker_16container_4096object_512KB_180sec_20151123224104,1,10,4,4,50,50,16,4096,0,58.09305555555555
1mon4osd_4driver_75read25write0delete_8worker_16container_4096object_512KB_180sec_20151124201532,1,4,4,8,75,25,16,4096,0,114.25
1mon10osd_4driver_25read75write0delete_32worker_16container_4096object_512KB_180sec_20151124003026,1,10,4,32,25,75,16,4096,0,24.1845945945946
1mon30osd_2driver_10read90write0delete_2worker_16container_4096object_512KB_180sec_20151123040952,1,30,2,2,10,90,16,4096,0,4.650833333333333
1mon30osd_4driver_50read50write0delete_8worker_16container_4096object_512KB_180sec_20151123070925,1,30,4,8,50,50,16,4096,0,72.60861111111109
1mon4osd_4driver_90read10write0delete_4worker_16container_4096object_512KB_180sec_20151124193748,1,4,4,4,90,10,16,4096,0,98.73055555555555
1mon8osd_4driver_0read100write0delete_4worker_16container_4096object_512KB_180sec_20151124055819,1,8,4,4,0,100,16,4096,0,0.0
1mon20osd_2driver_90read10write0delete_8worker_16container_4096object_512KB_180sec_20151123124542,1,20,2,8,90,10,16,4096,0,223.1151351351351
1mon4osd_2driver_75read25write0delete_8worker_16container_4096object_512KB_180sec_20151124183515,1,4,2,8,75,25,16,4096,0,114.56444444444443
1mon4osd_4driver_75read25write0delete_4worker_16container_4096object_512KB_180sec_20151124194222,1,4,4,4,75,25,16,4096,0,68.50972222222222
1mon10osd_1driver_0read100write0delete_2worker_16container_4096object_512KB_180sec_20151123185859,1,10,1,2,0,100,16,4096,0,0.0
1mon20osd_2driver_100read0write0delete_8worker_16container_4096object_512KB_180sec_20151123124047,1,20,2,8,100,0,16,4096,0,259.8202777777778
1mon30osd_4driver_25read75write0delete_32worker_16container_4096object_512KB_180sec_20151123083209,1,30,4,32,25,75,16,4096,0,24.78361111111111
1mon10osd_2driver_0read100write0delete_2worker_16container_4096object_512KB_180sec_20151123203918,1,10,2,2,0,100,16,4096,0,0.0
1mon6osd_2driver_50read50write0delete_8worker_16container_4096object_512KB_180sec_20151124113859,1,6,2,8,50,50,16,4096,0,72.21777777777778
1mon20osd_2driver_75read25write0delete_4worker_16container_4096object_512KB_180sec_20151123121532,1,20,2,4,75,25,16,4096,0,90.39972222222224
1mon10osd_2driver_50read50write0delete_2worker_16container_4096object_512KB_180sec_20151123202502,1,10,2,2,50,50,16,4096,0,37.976388888888884
1mon4osd_4driver_10read90write0delete_8worker_16container_4096object_512KB_180sec_20151124203002,1,4,4,8,10,90,16,4096,0,7.516388888888888
1mon30osd_2driver_50read50write0delete_16worker_16container_4096object_512KB_180sec_20151123055138,1,30,2,16,50,50,16,4096,0,76.62277777777778
1mon4osd_2driver_75read25write0delete_4worker_16container_4096object_512KB_180sec_20151124180233,1,4,2,4,75,25,16,4096,0,71.19250000000001
1mon8osd_1driver_75read25write0delete_2worker_16container_4096object_512KB_180sec_20151124014456,1,8,1,2,75,25,16,4096,0,54.6025
1mon4osd_2driver_100read0write0delete_4worker_16container_4096object_512KB_180sec_20151124175333,1,4,2,4,100,0,16,4096,0,142.17499999999998
1mon10osd_2driver_90read10write0delete_2worker_16container_4096object_512KB_180sec_20151123201545,1,10,2,2,90,10,16,4096,0,116.06333333333335
1mon6osd_4driver_25read75write0delete_32worker_16container_4096object_512KB_180sec_20151124143420,1,6,4,32,25,75,16,4096,0,26.14138888888889
1mon8osd_4driver_50read50write0delete_16worker_16container_4096object_512KB_180sec_20151124065448,1,8,4,16,50,50,16,4096,0,75.815
1mon30osd_1driver_10read90write0delete_2worker_16container_4096object_512KB_180sec_20151123021915,1,30,1,2,10,90,16,4096,0,4.811388888888888
1mon20osd_1driver_90read10write0delete_2worker_16container_4096object_512KB_180sec_20151123095028,1,20,1,2,90,10,16,4096,0,48.124722222222225
1mon8osd_1driver_0read100write0delete_8worker_16container_4096object_512KB_180sec_20151124030950,1,8,1,8,0,100,16,4096,0,0.0
1mon20osd_4driver_75read25write0delete_16worker_16container_4096object_512KB_180sec_20151123151611,1,20,4,16,75,25,16,4096,0,218.26638888888886
1mon20osd_1driver_90read10write0delete_8worker_16container_4096object_512KB_180sec_20151123105959,1,20,1,8,90,10,16,4096,0,175.30555555555554
1mon20osd_1driver_100read0write0delete_2worker_16container_4096object_512KB_180sec_20151123094529,1,20,1,2,100,0,16,4096,0,52.781388888888884
1mon10osd_4driver_90read10write0delete_4worker_16container_4096object_512KB_180sec_20151123223127,1,10,4,4,90,10,16,4096,0,236.55583333333328
1mon30osd_1driver_50read50write0delete_8worker_16container_4096object_512KB_180sec_20151123032210,1,30,1,8,50,50,16,4096,0,66.83351351351352
1mon20osd_1driver_10read90write0delete_4worker_16container_4096object_512KB_180sec_20151123104452,1,20,1,4,10,90,16,4096,0,7.131388888888889
1mon6osd_2driver_75read25write0delete_4worker_16container_4096object_512KB_180sec_20151124110059,1,6,2,4,75,25,16,4096,0,102.35722222222222
1mon20osd_2driver_50read50write0delete_8worker_16container_4096object_512KB_180sec_20151123125552,1,20,2,8,50,50,16,4096,0,69.56361111111111
1mon30osd_2driver_0read100write0delete_4worker_16container_4096object_512KB_180sec_20151123045212,1,30,2,4,0,100,16,4096,0,0.0
1mon6osd_2driver_10read90write0delete_2worker_16container_4096object_512KB_180sec_20151124104223,1,6,2,2,10,90,16,4096,0,5.518611111111111
1mon4osd_1driver_10read90write0delete_8worker_16container_4096object_512KB_180sec_20151124171139,1,4,1,8,10,90,16,4096,0,7.46638888888889
1mon30osd_4driver_10read90write0delete_16worker_16container_4096object_512KB_180sec_20151123075858,1,30,4,16,10,90,16,4096,0,8.509722222222223
1mon20osd_2driver_25read75write0delete_8worker_16container_4096object_512KB_180sec_20151123130100,1,20,2,8,25,75,16,4096,0,25.727222222222224
1mon20osd_4driver_100read0write0delete_8worker_16container_4096object_512KB_180sec_20151123142859,1,20,4,8,100,0,16,4096,0,354.57648648648643
1mon30osd_4driver_50read50write0delete_32worker_16container_4096object_512KB_180sec_20151123082637,1,30,4,32,50,50,16,4096,0,72.50378378378377
1mon8osd_2driver_50read50write0delete_8worker_16container_4096object_512KB_180sec_20151124043523,1,8,2,8,50,50,16,4096,0,79.28
1mon10osd_1driver_50read50write0delete_4worker_16container_4096object_512KB_180sec_20151123191740,1,10,1,4,50,50,16,4096,0,53.5536111111111
1mon30osd_2driver_10read90write0delete_4worker_16container_4096object_512KB_180sec_20151123044652,1,30,2,4,10,90,16,4096,0,7.183888888888889
1mon8osd_4driver_75read25write0delete_8worker_16container_4096object_512KB_180sec_20151124061240,1,8,4,8,75,25,16,4096,0,209.2088888888889
1mon8osd_2driver_0read100write0delete_16worker_16container_4096object_512KB_180sec_20151124052405,1,8,2,16,0,100,16,4096,0,0.0
1mon8osd_1driver_10read90write0delete_2worker_16container_4096object_512KB_180sec_20151124015841,1,8,1,2,10,90,16,4096,0,5.188888888888887
1mon4osd_1driver_100read0write0delete_1worker_16container_4096object_512KB_180sec_20151124151038,1,4,1,1,100,0,16,4096,0,29.64916666666667
1mon10osd_1driver_25read75write0delete_4worker_16container_4096object_512KB_180sec_20151123192227,1,10,1,4,25,75,16,4096,0,21.951944444444443
1mon8osd_2driver_75read25write0delete_4worker_16container_4096object_512KB_180sec_20151124035652,1,8,2,4,75,25,16,4096,0,121.69999999999999
1mon20osd_1driver_10read90write0delete_2worker_16container_4096object_512KB_180sec_20151123100956,1,20,1,2,10,90,16,4096,0,4.664444444444445
1mon6osd_2driver_50read50write0delete_4worker_16container_4096object_512KB_180sec_20151124110538,1,6,2,4,50,50,16,4096,0,52.68583333333333
1mon4osd_1driver_100read0write0delete_8worker_16container_4096object_512KB_180sec_20151124164630,1,4,1,8,100,0,16,4096,0,210.4802777777778
1mon20osd_1driver_75read25write0delete_4worker_16container_4096object_512KB_180sec_20151123102950,1,20,1,4,75,25,16,4096,0,72.83333333333333
1mon10osd_2driver_90read10write0delete_4worker_16container_4096object_512KB_180sec_20151123204845,1,10,2,4,90,10,16,4096,0,211.24416666666667
1mon4osd_1driver_50read50write0delete_4worker_16container_4096object_512KB_180sec_20151124162732,1,4,1,4,50,50,16,4096,0,41.81333333333333
1mon10osd_2driver_50read50write0delete_16worker_16container_4096object_512KB_180sec_20151123220638,1,10,2,16,50,50,16,4096,0,76.82083333333334
1mon20osd_4driver_90read10write0delete_16worker_16container_4096object_512KB_180sec_20151123151054,1,20,4,16,90,10,16,4096,0,391.5013513513513
1mon30osd_1driver_10read90write0delete_1worker_16container_4096object_512KB_180sec_20151123014309,1,30,1,1,10,90,16,4096,0,3.0222222222222226
1mon4osd_1driver_90read10write0delete_8worker_16container_4096object_512KB_180sec_20151124165100,1,4,1,8,90,10,16,4096,0,151.26305555555555
1mon8osd_1driver_0read100write0delete_1worker_16container_4096object_512KB_180sec_20151124013113,1,8,1,1,0,100,16,4096,0,0.0
1mon20osd_1driver_0read100write0delete_1worker_16container_4096object_512KB_180sec_20151123094030,1,20,1,1,0,100,16,4096,0,0.0
1mon8osd_2driver_25read75write0delete_4worker_16container_4096object_512KB_180sec_20151124040628,1,8,2,4,25,75,16,4096,0,23.535
1mon6osd_4driver_50read50write0delete_4worker_16container_4096object_512KB_180sec_20151124124716,1,6,4,4,50,50,16,4096,0,55.15111111111111
1mon10osd_1driver_90read10write0delete_1worker_16container_4096object_512KB_180sec_20151123180330,1,10,1,1,90,10,16,4096,0,36.871388888888895
1mon10osd_2driver_100read0write0delete_4worker_16container_4096object_512KB_180sec_20151123204409,1,10,2,4,100,0,16,4096,0,275.4175
1mon10osd_2driver_0read100write0delete_8worker_16container_4096object_512KB_180sec_20151123214710,1,10,2,8,0,100,16,4096,0,0.0
1mon30osd_4driver_100read0write0delete_4worker_16container_4096object_512KB_180sec_20151123061356,1,30,4,4,100,0,16,4096,0,218.19416666666663
1mon4osd_2driver_0read100write0delete_8worker_16container_4096object_512KB_180sec_20151124185430,1,4,2,8,0,100,16,4096,0,0.0
1mon8osd_4driver_90read10write0delete_32worker_16container_4096object_512KB_180sec_20151124071948,1,8,4,32,90,10,16,4096,0,602.7170270270271
1mon4osd_1driver_10read90write0delete_1worker_16container_4096object_512KB_180sec_20151124153305,1,4,1,1,10,90,16,4096,0,3.3402777777777772
1mon20osd_2driver_10read90write0delete_4worker_16container_4096object_512KB_180sec_20151123123033,1,20,2,4,10,90,16,4096,0,7.023055555555555
1mon20osd_2driver_0read100write0delete_16worker_16container_4096object_512KB_180sec_20151123134735,1,20,2,16,0,100,16,4096,0,0.0
1mon20osd_2driver_100read0write0delete_2worker_16container_4096object_512KB_180sec_20151123113113,1,20,2,2,100,0,16,4096,0,79.12777777777778
1mon8osd_2driver_25read75write0delete_16worker_16container_4096object_512KB_180sec_20151124051408,1,8,2,16,25,75,16,4096,0,26.993783783783783
1mon8osd_4driver_0read100write0delete_8worker_16container_4096object_512KB_180sec_20151124063240,1,8,4,8,0,100,16,4096,0,0.0
1mon10osd_2driver_75read25write0delete_8worker_16container_4096object_512KB_180sec_20151123212723,1,10,2,8,75,25,16,4096,0,190.9275
1mon4osd_2driver_100read0write0delete_2worker_16container_4096object_512KB_180sec_20151124172129,1,4,2,2,100,0,16,4096,0,71.89750000000001
1mon4osd_1driver_0read100write0delete_1worker_16container_4096object_512KB_180sec_20151124153737,1,4,1,1,0,100,16,4096,0,0.0
1mon6osd_4driver_10read90write0delete_16worker_16container_4096object_512KB_180sec_20151124140500,1,6,4,16,10,90,16,4096,0,8.584444444444445
1mon8osd_1driver_50read50write0delete_2worker_16container_4096object_512KB_180sec_20151124014927,1,8,1,2,50,50,16,4096,0,30.574444444444445
1mon6osd_2driver_50read50write0delete_16worker_16container_4096object_512KB_180sec_20151124121259,1,6,2,16,50,50,16,4096,0,74.36083333333333
1mon10osd_4driver_90read10write0delete_32worker_16container_4096object_512KB_180sec_20151124001511,1,10,4,32,90,10,16,4096,0,638.6872222222223
1mon20osd_1driver_0read100write0delete_4worker_16container_4096object_512KB_180sec_20151123104955,1,20,1,4,0,100,16,4096,0,0.0
1mon6osd_2driver_10read90write0delete_8worker_16container_4096object_512KB_180sec_20151124114858,1,6,2,8,10,90,16,4096,0,8.728055555555555
1mon8osd_4driver_0read100write0delete_32worker_16container_4096object_512KB_180sec_20151124074512,1,8,4,32,0,100,16,4096,0,0.0
1mon30osd_1driver_75read25write0delete_8worker_16container_4096object_512KB_180sec_20151123031652,1,30,1,8,75,25,16,4096,0,145.5825
1mon10osd_1driver_90read10write0delete_2worker_16container_4096object_512KB_180sec_20151123183538,1,10,1,2,90,10,16,4096,0,72.37083333333334
1mon4osd_2driver_25read75write0delete_2worker_16container_4096object_512KB_180sec_20151124173931,1,4,2,2,25,75,16,4096,0,11.65361111111111
1mon8osd_2driver_10read90write0delete_16worker_16container_4096object_512KB_180sec_20151124051907,1,8,2,16,10,90,16,4096,0,8.708648648648651
1mon10osd_4driver_0read100write0delete_8worker_16container_4096object_512KB_180sec_20151123233021,1,10,4,8,0,100,16,4096,0,0.0
1mon6osd_2driver_25read75write0delete_2worker_16container_4096object_512KB_180sec_20151124103745,1,6,2,2,25,75,16,4096,0,13.133611111111112
1mon10osd_4driver_75read25write0delete_16worker_16container_4096object_512KB_180sec_20151123234514,1,10,4,16,75,25,16,4096,0,228.3988888888889
1mon30osd_4driver_90read10write0delete_8worker_16container_4096object_512KB_180sec_20151123065830,1,30,4,8,90,10,16,4096,0,284.3252777777777
1mon4osd_4driver_100read0write0delete_16worker_16container_4096object_512KB_180sec_20151124203954,1,4,4,16,100,0,16,4096,0,372.71111111111105
1mon6osd_2driver_100read0write0delete_4worker_16container_4096object_512KB_180sec_20151124105152,1,6,2,4,100,0,16,4096,0,202.56444444444446
1mon10osd_4driver_100read0write0delete_8worker_16container_4096object_512KB_180sec_20151123230055,1,10,4,8,100,0,16,4096,0,554.1952777777777
1mon8osd_1driver_90read10write0delete_4worker_16container_4096object_512KB_180sec_20151124021244,1,8,1,4,90,10,16,4096,0,148.1025
1mon4osd_1driver_25read75write0delete_2worker_16container_4096object_512KB_180sec_20151124160004,1,4,1,2,25,75,16,4096,0,12.366944444444446
1mon30osd_1driver_100read0write0delete_1worker_16container_4096object_512KB_180sec_20151123011618,1,30,1,1,100,0,16,4096,0,8.058055555555557
1mon20osd_4driver_75read25write0delete_32worker_16container_4096object_512KB_180sec_20151123155322,1,20,4,32,75,25,16,4096,0,225.82166666666663
1mon30osd_4driver_100read0write0delete_32worker_16container_4096object_512KB_180sec_20151123081006,1,30,4,32,100,0,16,4096,0,856.3972222222221
1mon30osd_2driver_0read100write0delete_16worker_16container_4096object_512KB_180sec_20151123060801,1,30,2,16,0,100,16,4096,0,0.0
1mon20osd_4driver_0read100write0delete_16worker_16container_4096object_512KB_180sec_20151123153733,1,20,4,16,0,100,16,4096,0,0.0
1mon4osd_4driver_0read100write0delete_8worker_16container_4096object_512KB_180sec_20151124203500,1,4,4,8,0,100,16,4096,0,0.0
1mon8osd_4driver_90read10write0delete_16worker_16container_4096object_512KB_180sec_20151124064310,1,8,4,16,90,10,16,4096,0,517.7513888888891
1mon30osd_4driver_25read75write0delete_8worker_16container_4096object_512KB_180sec_20151123071459,1,30,4,8,25,75,16,4096,0,25.350555555555555
1mon20osd_2driver_50read50write0delete_16worker_16container_4096object_512KB_180sec_20151123133157,1,20,2,16,50,50,16,4096,0,73.73405405405404
1mon6osd_1driver_90read10write0delete_1worker_16container_4096object_512KB_180sec_20151124081355,1,6,1,1,90,10,16,4096,0,32.995555555555555
1mon4osd_2driver_10read90write0delete_8worker_16container_4096object_512KB_180sec_20151124184938,1,4,2,8,10,90,16,4096,0,7.578888888888888
1mon6osd_1driver_0read100write0delete_2worker_16container_4096object_512KB_180sec_20151124090834,1,6,1,2,0,100,16,4096,0,0.0
1mon10osd_4driver_100read0write0delete_32worker_16container_4096object_512KB_180sec_20151124001025,1,10,4,32,100,0,16,4096,0,1128.4533333333331
1mon20osd_4driver_100read0write0delete_16worker_16container_4096object_512KB_180sec_20151123150555,1,20,4,16,100,0,16,4096,0,469.52621621621626
1mon4osd_1driver_75read25write0delete_1worker_16container_4096object_512KB_180sec_20151124151937,1,4,1,1,75,25,16,4096,0,22.676111111111105
1mon10osd_1driver_100read0write0delete_8worker_16container_4096object_512KB_180sec_20151123193709,1,10,1,8,100,0,16,4096,0,284.5277777777777
1mon4osd_4driver_10read90write0delete_32worker_16container_4096object_512KB_180sec_20151124213747,1,4,4,32,10,90,16,4096,0,7.72945945945946
1mon30osd_4driver_0read100write0delete_32worker_16container_4096object_512KB_180sec_20151123084303,1,30,4,32,0,100,16,4096,0,0.0
1mon4osd_1driver_100read0write0delete_4worker_16container_4096object_512KB_180sec_20151124161359,1,4,1,4,100,0,16,4096,0,122.21444444444445
1mon4osd_2driver_90read10write0delete_8worker_16container_4096object_512KB_180sec_20151124183042,1,4,2,8,90,10,16,4096,0,165.58305555555555
1mon6osd_2driver_0read100write0delete_4worker_16container_4096object_512KB_180sec_20151124112008,1,6,2,4,0,100,16,4096,0,0.0
1mon20osd_4driver_50read50write0delete_8worker_16container_4096object_512KB_180sec_20151123144431,1,20,4,8,50,50,16,4096,0,74.75216216216218
1mon8osd_1driver_0read100write0delete_4worker_16container_4096object_512KB_180sec_20151124023617,1,8,1,4,0,100,16,4096,0,0.0
1mon20osd_1driver_75read25write0delete_1worker_16container_4096object_512KB_180sec_20151123092103,1,20,1,1,75,25,16,4096,0,19.872777777777777
1mon10osd_2driver_25read75write0delete_8worker_16container_4096object_512KB_180sec_20151123213721,1,10,2,8,25,75,16,4096,0,25.46111111111111
1mon10osd_4driver_10read90write0delete_4worker_16container_4096object_512KB_180sec_20151123225055,1,10,4,4,10,90,16,4096,0,7.4624999999999995
1mon8osd_2driver_90read10write0delete_8worker_16container_4096object_512KB_180sec_20151124042548,1,8,2,8,90,10,16,4096,0,312.2997222222223
1mon20osd_1driver_25read75write0delete_8worker_16container_4096object_512KB_180sec_20151123111525,1,20,1,8,25,75,16,4096,0,24.58675675675676
1mon30osd_1driver_10read90write0delete_8worker_16container_4096object_512KB_180sec_20151123033301,1,30,1,8,10,90,16,4096,0,8.245277777777778
1mon4osd_2driver_25read75write0delete_16worker_16container_4096object_512KB_180sec_20151124191814,1,4,2,16,25,75,16,4096,0,22.651944444444446
1mon20osd_1driver_90read10write0delete_1worker_16container_4096object_512KB_180sec_20151123091611,1,20,1,1,90,10,16,4096,0,22.580555555555556
1mon30osd_4driver_100read0write0delete_8worker_16container_4096object_512KB_180sec_20151123065253,1,30,4,8,100,0,16,4096,0,316.2225
1mon4osd_4driver_90read10write0delete_8worker_16container_4096object_512KB_180sec_20151124201055,1,4,4,8,90,10,16,4096,0,166.0894444444444
1mon4osd_4driver_25read75write0delete_16worker_16container_4096object_512KB_180sec_20151124205853,1,4,4,16,25,75,16,4096,0,23.02111111111111
1mon30osd_4driver_0read100write0delete_16worker_16container_4096object_512KB_180sec_20151123080427,1,30,4,16,0,100,16,4096,0,0.0
1mon4osd_1driver_90read10write0delete_2worker_16container_4096object_512KB_180sec_20151124154638,1,4,1,2,90,10,16,4096,0,52.13
1mon30osd_2driver_50read50write0delete_2worker_16container_4096object_512KB_180sec_20151123035926,1,30,2,2,50,50,16,4096,0,29.528888888888883
1mon10osd_4driver_75read25write0delete_4worker_16container_4096object_512KB_180sec_20151123223613,1,10,4,4,75,25,16,4096,0,134.35500000000002
1mon30osd_1driver_100read0write0delete_4worker_16container_4096object_512KB_180sec_20151123022947,1,30,1,4,100,0,16,4096,0,103.00555555555555
1mon20osd_4driver_0read100write0delete_8worker_16container_4096object_512KB_180sec_20151123150033,1,20,4,8,0,100,16,4096,0,0.0
1mon10osd_2driver_25read75write0delete_16worker_16container_4096object_512KB_180sec_20151123221133,1,10,2,16,25,75,16,4096,0,25.144444444444442
1mon4osd_4driver_50read50write0delete_4worker_16container_4096object_512KB_180sec_20151124194700,1,4,4,4,50,50,16,4096,0,39.864444444444445
1mon30osd_2driver_75read25write0delete_4worker_16container_4096object_512KB_180sec_20151123043057,1,30,2,4,75,25,16,4096,0,107.24416666666667
1mon30osd_4driver_75read25write0delete_16worker_16container_4096object_512KB_180sec_20151123074225,1,30,4,16,75,25,16,4096,0,219.0227777777778
1mon20osd_2driver_10read90write0delete_8worker_16container_4096object_512KB_180sec_20151123130612,1,20,2,8,10,90,16,4096,0,8.406944444444445
1mon6osd_4driver_50read50write0delete_16worker_16container_4096object_512KB_180sec_20151124135505,1,6,4,16,50,50,16,4096,0,76.57222222222222
1mon4osd_2driver_75read25write0delete_16worker_16container_4096object_512KB_180sec_20151124190833,1,4,2,16,75,25,16,4096,0,156.89194444444445
1mon20osd_1driver_50read50write0delete_2worker_16container_4096object_512KB_180sec_20151123100011,1,20,1,2,50,50,16,4096,0,22.44027777777778
1mon30osd_1driver_50read50write0delete_4worker_16container_4096object_512KB_180sec_20151123024528,1,30,1,4,50,50,16,4096,0,44.49194444444444
1mon10osd_2driver_10read90write0delete_2worker_16container_4096object_512KB_180sec_20151123203432,1,10,2,2,10,90,16,4096,0,5.187777777777779
1mon4osd_1driver_0read100write0delete_8worker_16container_4096object_512KB_180sec_20151124171626,1,4,1,8,0,100,16,4096,0,0.0
1mon30osd_2driver_0read100write0delete_2worker_16container_4096object_512KB_180sec_20151123041515,1,30,2,2,0,100,16,4096,0,0.0
1mon6osd_4driver_75read25write0delete_32worker_16container_4096object_512KB_180sec_20151124142421,1,6,4,32,75,25,16,4096,0,219.12083333333337
1mon6osd_1driver_75read25write0delete_4worker_16container_4096object_512KB_180sec_20151124092225,1,6,1,4,75,25,16,4096,0,84.28277777777777
1mon4osd_1driver_75read25write0delete_8worker_16container_4096object_512KB_180sec_20151124165531,1,4,1,8,75,25,16,4096,0,79.40918918918919
1mon8osd_4driver_50read50write0delete_4worker_16container_4096object_512KB_180sec_20151124054336,1,8,4,4,50,50,16,4096,0,61.95805555555556
1mon6osd_2driver_0read100write0delete_16worker_16container_4096object_512KB_180sec_20151124122752,1,6,2,16,0,100,16,4096,0,0.0
1mon10osd_1driver_10read90write0delete_8worker_16container_4096object_512KB_180sec_20151123200106,1,10,1,8,10,90,16,4096,0,8.779722222222224
1mon8osd_4driver_50read50write0delete_32worker_16container_4096object_512KB_180sec_20151124072958,1,8,4,32,50,50,16,4096,0,72.87135135135135
1mon10osd_2driver_0read100write0delete_16worker_16container_4096object_512KB_180sec_20151123222124,1,10,2,16,0,100,16,4096,0,0.0
1mon6osd_2driver_25read75write0delete_4worker_16container_4096object_512KB_180sec_20151124111027,1,6,2,4,25,75,16,4096,0,21.700555555555557
1mon6osd_4driver_90read10write0delete_32worker_16container_4096object_512KB_180sec_20151124141926,1,6,4,32,90,10,16,4096,0,632.0555555555554
1mon30osd_1driver_25read75write0delete_8worker_16container_4096object_512KB_180sec_20151123032736,1,30,1,8,25,75,16,4096,0,24.517777777777777
1mon8osd_1driver_10read90write0delete_8worker_16container_4096object_512KB_180sec_20151124030500,1,8,1,8,10,90,16,4096,0,8.690277777777776
1mon6osd_4driver_90read10write0delete_8worker_16container_4096object_512KB_180sec_20151124131125,1,6,4,8,90,10,16,4096,0,295.53916666666663
1mon10osd_2driver_90read10write0delete_16worker_16container_4096object_512KB_180sec_20151123215642,1,10,2,16,90,10,16,4096,0,466.2911111111111
1mon10osd_4driver_100read0write0delete_16worker_16container_4096object_512KB_180sec_20151123233526,1,10,4,16,100,0,16,4096,0,853.1461111111112
1mon4osd_4driver_10read90write0delete_4worker_16container_4096object_512KB_180sec_20151124195635,1,4,4,4,10,90,16,4096,0,7.312222222222222
1mon30osd_4driver_90read10write0delete_4worker_16container_4096object_512KB_180sec_20151123061904,1,30,4,4,90,10,16,4096,0,154.71138888888893
1mon10osd_1driver_50read50write0delete_2worker_16container_4096object_512KB_180sec_20151123184448,1,10,1,2,50,50,16,4096,0,32.02194444444444
1mon10osd_1driver_75read25write0delete_1worker_16container_4096object_512KB_180sec_20151123180803,1,10,1,1,75,25,16,4096,0,28.010833333333338
1mon8osd_4driver_50read50write0delete_8worker_16container_4096object_512KB_180sec_20151124061735,1,8,4,8,50,50,16,4096,0,78.31638888888888
1mon6osd_4driver_10read90write0delete_4worker_16container_4096object_512KB_180sec_20151124125703,1,6,4,4,10,90,16,4096,0,7.598333333333333
1mon20osd_4driver_0read100write0delete_4worker_16container_4096object_512KB_180sec_20151123142344,1,20,4,4,0,100,16,4096,0,0.0
1mon4osd_2driver_50read50write0delete_16worker_16container_4096object_512KB_180sec_20151124191324,1,4,2,16,50,50,16,4096,0,63.68527777777778
1mon6osd_4driver_90read10write0delete_16worker_16container_4096object_512KB_180sec_20151124134519,1,6,4,16,90,10,16,4096,0,459.43277777777774
1mon20osd_1driver_50read50write0delete_8worker_16container_4096object_512KB_180sec_20151123111019,1,20,1,8,50,50,16,4096,0,68.22500000000001
1mon4osd_4driver_50read50write0delete_16worker_16container_4096object_512KB_180sec_20151124205359,1,4,4,16,50,50,16,4096,0,66.86527777777778
1mon30osd_4driver_75read25write0delete_32worker_16container_4096object_512KB_180sec_20151123082056,1,30,4,32,75,25,16,4096,0,222.2356756756757
1mon6osd_1driver_25read75write0delete_4worker_16container_4096object_512KB_180sec_20151124093142,1,6,1,4,25,75,16,4096,0,20.807777777777776
1mon6osd_2driver_0read100write0delete_2worker_16container_4096object_512KB_180sec_20151124104706,1,6,2,2,0,100,16,4096,0,0.0
1mon6osd_1driver_75read25write0delete_1worker_16container_4096object_512KB_180sec_20151124081827,1,6,1,1,75,25,16,4096,0,25.700555555555557
1mon4osd_1driver_25read75write0delete_1worker_16container_4096object_512KB_180sec_20151124152835,1,4,1,1,25,75,16,4096,0,7.368333333333333
1mon4osd_1driver_90read10write0delete_4worker_16container_4096object_512KB_180sec_20151124161831,1,4,1,4,90,10,16,4096,0,96.67
1mon20osd_4driver_0read100write0delete_32worker_16container_4096object_512KB_180sec_20151123161441,1,20,4,32,0,100,16,4096,0,0.0
1mon30osd_1driver_100read0write0delete_8worker_16container_4096object_512KB_180sec_20151123030628,1,30,1,8,100,0,16,4096,0,215.6530555555556
1mon8osd_2driver_100read0write0delete_2worker_16container_4096object_512KB_180sec_20151124031454,1,8,2,2,100,0,16,4096,0,140.68416666666664
1mon4osd_4driver_25read75write0delete_8worker_16container_4096object_512KB_180sec_20151124202508,1,4,4,8,25,75,16,4096,0,22.84361111111111
1mon4osd_1driver_90read10write0delete_1worker_16container_4096object_512KB_180sec_20151124151511,1,4,1,1,90,10,16,4096,0,27.87388888888889
1mon8osd_4driver_25read75write0delete_8worker_16container_4096object_512KB_180sec_20151124062230,1,8,4,8,25,75,16,4096,0,26.245833333333334
1mon10osd_4driver_90read10write0delete_8worker_16container_4096object_512KB_180sec_20151123230534,1,10,4,8,90,10,16,4096,0,377.9427777777778
1mon30osd_2driver_100read0write0delete_2worker_16container_4096object_512KB_180sec_20151123034407,1,30,2,2,100,0,16,4096,0,83.21888888888888
1mon4osd_2driver_25read75write0delete_8worker_16container_4096object_512KB_180sec_20151124184447,1,4,2,8,25,75,16,4096,0,22.77527777777778
1mon8osd_2driver_90read10write0delete_16worker_16container_4096object_512KB_180sec_20151124045936,1,8,2,16,90,10,16,4096,0,453.04333333333335
1mon8osd_1driver_50read50write0delete_8worker_16container_4096object_512KB_180sec_20151124025518,1,8,1,8,50,50,16,4096,0,74.07805555555554
1mon6osd_2driver_75read25write0delete_2worker_16container_4096object_512KB_180sec_20151124102836,1,6,2,2,75,25,16,4096,0,55.06166666666667
1mon4osd_2driver_50read50write0delete_4worker_16container_4096object_512KB_180sec_20151124180707,1,4,2,4,50,50,16,4096,0,41.85416666666666
1mon30osd_1driver_90read10write0delete_1worker_16container_4096object_512KB_180sec_20151123012242,1,30,1,1,90,10,16,4096,0,20.30972222222222
1mon10osd_1driver_50read50write0delete_8worker_16container_4096object_512KB_180sec_20151123195118,1,10,1,8,50,50,16,4096,0,72.99277777777779
1mon30osd_2driver_100read0write0delete_16worker_16container_4096object_512KB_180sec_20151123053506,1,30,2,16,100,0,16,4096,0,493.94444444444446
1mon20osd_4driver_10read90write0delete_32worker_16container_4096object_512KB_180sec_20151123160926,1,20,4,32,10,90,16,4096,0,8.23027777777778
1mon20osd_4driver_25read75write0delete_16worker_16container_4096object_512KB_180sec_20151123152651,1,20,4,16,25,75,16,4096,0,24.950555555555557
1mon20osd_4driver_50read50write0delete_4worker_16container_4096object_512KB_180sec_20151123140811,1,20,4,4,50,50,16,4096,0,51.15083333333333
1mon20osd_1driver_0read100write0delete_2worker_16container_4096object_512KB_180sec_20151123101456,1,20,1,2,0,100,16,4096,0,0.0
1mon30osd_1driver_90read10write0delete_2worker_16container_4096object_512KB_180sec_20151123015838,1,30,1,2,90,10,16,4096,0,50.92222222222223
1mon6osd_2driver_10read90write0delete_4worker_16container_4096object_512KB_180sec_20151124111518,1,6,2,4,10,90,16,4096,0,7.724166666666665
1mon4osd_2driver_10read90write0delete_2worker_16container_4096object_512KB_180sec_20151124174409,1,4,2,2,10,90,16,4096,0,4.969166666666667
1mon8osd_1driver_0read100write0delete_2worker_16container_4096object_512KB_180sec_20151124020330,1,8,1,2,0,100,16,4096,0,0.0
1mon6osd_1driver_0read100write0delete_8worker_16container_4096object_512KB_180sec_20151124101427,1,6,1,8,0,100,16,4096,0,0.0
1mon30osd_1driver_25read75write0delete_2worker_16container_4096object_512KB_180sec_20151123021407,1,30,1,2,25,75,16,4096,0,11.120555555555555
1mon8osd_2driver_100read0write0delete_16worker_16container_4096object_512KB_180sec_20151124045503,1,8,2,16,100,0,16,4096,0,598.8069444444443
1mon4osd_2driver_90read10write0delete_16worker_16container_4096object_512KB_180sec_20151124190355,1,4,2,16,90,10,16,4096,0,247.51916666666668
1mon20osd_4driver_90read10write0delete_8worker_16container_4096object_512KB_180sec_20151123143405,1,20,4,8,90,10,16,4096,0,297.87138888888893
1mon30osd_1driver_75read25write0delete_2worker_16container_4096object_512KB_180sec_20151123020346,1,30,1,2,75,25,16,4096,0,37.89694444444444
1mon6osd_2driver_100read0write0delete_16worker_16container_4096object_512KB_180sec_20151124115845,1,6,2,16,100,0,16,4096,0,441.2619444444444
1mon30osd_4driver_25read75write0delete_16worker_16container_4096object_512KB_180sec_20151123075332,1,30,4,16,25,75,16,4096,0,25.171666666666667
1mon20osd_2driver_100read0write0delete_4worker_16container_4096object_512KB_180sec_20151123120548,1,20,2,4,100,0,16,4096,0,157.52555555555557
1mon30osd_1driver_50read50write0delete_1worker_16container_4096object_512KB_180sec_20151123013302,1,30,1,1,50,50,16,4096,0,12.886388888888892
1mon8osd_4driver_75read25write0delete_4worker_16container_4096object_512KB_180sec_20151124053846,1,8,4,4,75,25,16,4096,0,136.15138888888887
1mon8osd_4driver_75read25write0delete_32worker_16container_4096object_512KB_180sec_20151124072454,1,8,4,32,75,25,16,4096,0,221.79805555555555
1mon4osd_1driver_0read100write0delete_2worker_16container_4096object_512KB_180sec_20151124160918,1,4,1,2,0,100,16,4096,0,0.0
1mon4osd_4driver_100read0write0delete_4worker_16container_4096object_512KB_180sec_20151124193315,1,4,4,4,100,0,16,4096,0,141.30499999999998
1mon30osd_4driver_90read10write0delete_32worker_16container_4096object_512KB_180sec_20151123081523,1,30,4,32,90,10,16,4096,0,622.0866666666667
1mon8osd_1driver_90read10write0delete_1worker_16container_4096object_512KB_180sec_20151124010825,1,8,1,1,90,10,16,4096,0,38.12388888888889
1mon6osd_1driver_0read100write0delete_4worker_16container_4096object_512KB_180sec_20151124094118,1,6,1,4,0,100,16,4096,0,0.0
1mon30osd_1driver_0read100write0delete_4worker_16container_4096object_512KB_180sec_20151123030112,1,30,1,4,0,100,16,4096,0,0.0
1mon6osd_4driver_25read75write0delete_8worker_16container_4096object_512KB_180sec_20151124132559,1,6,4,8,25,75,16,4096,0,25.564999999999998
1mon6osd_4driver_100read0write0delete_16worker_16container_4096object_512KB_180sec_20151124134046,1,6,4,16,100,0,16,4096,0,750.5475000000001
1mon10osd_2driver_10read90write0delete_4worker_16container_4096object_512KB_180sec_20151123210807,1,10,2,4,10,90,16,4096,0,7.830833333333333
1mon4osd_1driver_100read0write0delete_2worker_16container_4096object_512KB_180sec_20151124154212,1,4,1,2,100,0,16,4096,0,63.66166666666665
1mon20osd_4driver_10read90write0delete_16worker_16container_4096object_512KB_180sec_20151123153211,1,20,4,16,10,90,16,4096,0,8.794324324324323
1mon10osd_4driver_25read75write0delete_4worker_16container_4096object_512KB_180sec_20151123224558,1,10,4,4,25,75,16,4096,0,22.386111111111116
1mon30osd_4driver_90read10write0delete_16worker_16container_4096object_512KB_180sec_20151123073642,1,30,4,16,90,10,16,4096,0,395.9816216216217
1mon30osd_1driver_75read25write0delete_1worker_16container_4096object_512KB_180sec_20151123012755,1,30,1,1,75,25,16,4096,0,20.679166666666664
1mon8osd_4driver_90read10write0delete_8worker_16container_4096object_512KB_180sec_20151124060753,1,8,4,8,90,10,16,4096,0,383.9316666666666
1mon6osd_1driver_10read90write0delete_1worker_16container_4096object_512KB_180sec_20151124083157,1,6,1,1,10,90,16,4096,0,3.0841666666666665
1mon30osd_4driver_10read90write0delete_4worker_16container_4096object_512KB_180sec_20151123064122,1,30,4,4,10,90,16,4096,0,6.535277777777779
1mon4osd_1driver_25read75write0delete_4worker_16container_4096object_512KB_180sec_20151124163209,1,4,1,4,25,75,16,4096,0,18.730270270270275
1mon6osd_2driver_90read10write0delete_16worker_16container_4096object_512KB_180sec_20151124120319,1,6,2,16,90,10,16,4096,0,335.11277777777775
1mon6osd_4driver_0read100write0delete_4worker_16container_4096object_512KB_180sec_20151124130158,1,6,4,4,0,100,16,4096,0,0.0
1mon6osd_1driver_50read50write0delete_8worker_16container_4096object_512KB_180sec_20151124100000,1,6,1,8,50,50,16,4096,0,69.38277777777779
1mon10osd_2driver_10read90write0delete_16worker_16container_4096object_512KB_180sec_20151123221627,1,10,2,16,10,90,16,4096,0,8.967777777777778
1mon8osd_2driver_10read90write0delete_2worker_16container_4096object_512KB_180sec_20151124033758,1,8,2,2,10,90,16,4096,0,5.1875
1mon20osd_4driver_10read90write0delete_4worker_16container_4096object_512KB_180sec_20151123141832,1,20,4,4,10,90,16,4096,0,6.8805555555555555
1mon4osd_4driver_10read90write0delete_16worker_16container_4096object_512KB_180sec_20151124210346,1,4,4,16,10,90,16,4096,0,7.497837837837838
1mon8osd_2driver_25read75write0delete_2worker_16container_4096object_512KB_180sec_20151124033316,1,8,2,2,25,75,16,4096,0,14.408611111111108
1mon8osd_1driver_75read25write0delete_8worker_16container_4096object_512KB_180sec_20151124025029,1,8,1,8,75,25,16,4096,0,166.8005555555556
1mon8osd_4driver_10read90write0delete_4worker_16container_4096object_512KB_180sec_20151124055325,1,8,4,4,10,90,16,4096,0,7.78388888888889
1mon10osd_4driver_10read90write0delete_32worker_16container_4096object_512KB_180sec_20151124003530,1,10,4,32,10,90,16,4096,0,8.525135135135136
1mon20osd_2driver_75read25write0delete_16worker_16container_4096object_512KB_180sec_20151123132640,1,20,2,16,75,25,16,4096,0,204.56027027027028
1mon10osd_4driver_0read100write0delete_32worker_16container_4096object_512KB_180sec_20151124004040,1,10,4,32,0,100,16,4096,0,0.0
1mon4osd_2driver_75read25write0delete_2worker_16container_4096object_512KB_180sec_20151124173027,1,4,2,2,75,25,16,4096,0,40.26555555555555
1mon8osd_4driver_25read75write0delete_4worker_16container_4096object_512KB_180sec_20151124054828,1,8,4,4,25,75,16,4096,0,23.184444444444445
1mon10osd_1driver_100read0write0delete_4worker_16container_4096object_512KB_180sec_20151123190345,1,10,1,4,100,0,16,4096,0,172.04305555555555
1mon10osd_1driver_75read25write0delete_8worker_16container_4096object_512KB_180sec_20151123194628,1,10,1,8,75,25,16,4096,0,169.41722222222222
1mon10osd_2driver_25read75write0delete_2worker_16container_4096object_512KB_180sec_20151123202945,1,10,2,2,25,75,16,4096,0,14.516944444444444
1mon30osd_4driver_25read75write0delete_4worker_16container_4096object_512KB_180sec_20151123063535,1,30,4,4,25,75,16,4096,0,20.588611111111113
1mon8osd_4driver_0read100write0delete_16worker_16container_4096object_512KB_180sec_20151124071007,1,8,4,16,0,100,16,4096,0,0.0
1mon6osd_4driver_50read50write0delete_32worker_16container_4096object_512KB_180sec_20151124142919,1,6,4,32,50,50,16,4096,0,76.3381081081081
1mon6osd_1driver_10read90write0delete_4worker_16container_4096object_512KB_180sec_20151124093626,1,6,1,4,10,90,16,4096,0,7.404864864864865
1mon6osd_4driver_100read0write0delete_32worker_16container_4096object_512KB_180sec_20151124141450,1,6,4,32,100,0,16,4096,0,1027.3580555555554
1mon30osd_2driver_25read75write0delete_2worker_16container_4096object_512KB_180sec_20151123040439,1,30,2,2,25,75,16,4096,0,12.894444444444446
1mon4osd_1driver_50read50write0delete_1worker_16container_4096object_512KB_180sec_20151124152404,1,4,1,1,50,50,16,4096,0,14.434722222222225
1mon6osd_4driver_0read100write0delete_8worker_16container_4096object_512KB_180sec_20151124133552,1,6,4,8,0,100,16,4096,0,0.0
1mon8osd_2driver_100read0write0delete_4worker_16container_4096object_512KB_180sec_20151124034734,1,8,2,4,100,0,16,4096,0,267.7055555555555
1mon6osd_2driver_10read90write0delete_16worker_16container_4096object_512KB_180sec_20151124122250,1,6,2,16,10,90,16,4096,0,8.369459459459456
1mon30osd_4driver_100read0write0delete_16worker_16container_4096object_512KB_180sec_20151123073126,1,30,4,16,100,0,16,4096,0,487.1605405405406
1mon6osd_4driver_75read25write0delete_4worker_16container_4096object_512KB_180sec_20151124124232,1,6,4,4,75,25,16,4096,0,105.85138888888889
1mon6osd_1driver_100read0write0delete_1worker_16container_4096object_512KB_180sec_20151124080915,1,6,1,1,100,0,16,4096,0,30.98861111111111
1mon20osd_2driver_50read50write0delete_2worker_16container_4096object_512KB_180sec_20151123114555,1,20,2,2,50,50,16,4096,0,25.45861111111111
1mon10osd_1driver_90read10write0delete_8worker_16container_4096object_512KB_180sec_20151123194145,1,10,1,8,90,10,16,4096,0,254.5241666666667
1mon6osd_4driver_10read90write0delete_32worker_16container_4096object_512KB_180sec_20151124143916,1,6,4,32,10,90,16,4096,0,8.827777777777776
1mon30osd_2driver_90read10write0delete_16worker_16container_4096object_512KB_180sec_20151123054023,1,30,2,16,90,10,16,4096,0,420.80324324324323
1mon30osd_1driver_90read10write0delete_4worker_16container_4096object_512KB_180sec_20151123023502,1,30,1,4,90,10,16,4096,0,93.2911111111111
1mon4osd_4driver_50read50write0delete_8worker_16container_4096object_512KB_180sec_20151124202017,1,4,4,8,50,50,16,4096,0,59.59694444444444
1mon20osd_1driver_50read50write0delete_4worker_16container_4096object_512KB_180sec_20151123103443,1,20,1,4,50,50,16,4096,0,41.8354054054054
1mon20osd_4driver_100read0write0delete_32worker_16container_4096object_512KB_180sec_20151123154254,1,20,4,32,100,0,16,4096,0,765.3191666666667
1mon6osd_1driver_25read75write0delete_2worker_16container_4096object_512KB_180sec_20151124085916,1,6,1,2,25,75,16,4096,0,13.071388888888889
1mon4osd_2driver_0read100write0delete_16worker_16container_4096object_512KB_180sec_20151124192802,1,4,2,16,0,100,16,4096,0,0.0
1mon30osd_4driver_0read100write0delete_8worker_16container_4096object_512KB_180sec_20151123072557,1,30,4,8,0,100,16,4096,0,0.0
1mon6osd_1driver_100read0write0delete_8worker_16container_4096object_512KB_180sec_20151124094606,1,6,1,8,100,0,16,4096,0,250.92194444444442
1mon10osd_4driver_50read50write0delete_8worker_16container_4096object_512KB_180sec_20151123231521,1,10,4,8,50,50,16,4096,0,72.39666666666668
1mon20osd_1driver_100read0write0delete_8worker_16container_4096object_512KB_180sec_20151123105500,1,20,1,8,100,0,16,4096,0,170.54054054054052
1mon6osd_1driver_100read0write0delete_2worker_16container_4096object_512KB_180sec_20151124084103,1,6,1,2,100,0,16,4096,0,69.90999999999998
1mon10osd_2driver_0read100write0delete_4worker_16container_4096object_512KB_180sec_20151123211301,1,10,2,4,0,100,16,4096,0,0.0
1mon20osd_1driver_25read75write0delete_2worker_16container_4096object_512KB_180sec_20151123100504,1,20,1,2,25,75,16,4096,0,11.651944444444446
1mon30osd_2driver_10read90write0delete_16worker_16container_4096object_512KB_180sec_20151123060236,1,30,2,16,10,90,16,4096,0,8.3475
1mon20osd_2driver_10read90write0delete_16worker_16container_4096object_512KB_180sec_20151123134227,1,20,2,16,10,90,16,4096,0,8.85138888888889
1mon6osd_1driver_50read50write0delete_4worker_16container_4096object_512KB_180sec_20151124092701,1,6,1,4,50,50,16,4096,0,48.285277777777786
1mon4osd_2driver_10read90write0delete_4worker_16container_4096object_512KB_180sec_20151124181634,1,4,2,4,10,90,16,4096,0,7.148888888888889
1mon6osd_1driver_75read25write0delete_8worker_16container_4096object_512KB_180sec_20151124095519,1,6,1,8,75,25,16,4096,0,142.9477777777778
1mon4osd_2driver_50read50write0delete_8worker_16container_4096object_512KB_180sec_20151124183954,1,4,2,8,50,50,16,4096,0,58.76567567567567
1mon4osd_1driver_10read90write0delete_4worker_16container_4096object_512KB_180sec_20151124163657,1,4,1,4,10,90,16,4096,0,7.706944444444444
1mon8osd_1driver_100read0write0delete_2worker_16container_4096object_512KB_180sec_20151124013553,1,8,1,2,100,0,16,4096,0,86.85944444444443
1mon6osd_1driver_10read90write0delete_2worker_16container_4096object_512KB_180sec_20151124090353,1,6,1,2,10,90,16,4096,0,5.0313888888888885
1mon8osd_1driver_25read75write0delete_4worker_16container_4096object_512KB_180sec_20151124022642,1,8,1,4,25,75,16,4096,0,22.214166666666667
1mon10osd_4driver_50read50write0delete_32worker_16container_4096object_512KB_180sec_20151124002518,1,10,4,32,50,50,16,4096,0,75.57972972972972
1mon6osd_1driver_90read10write0delete_2worker_16container_4096object_512KB_180sec_20151124084537,1,6,1,2,90,10,16,4096,0,59.97833333333334
1mon30osd_4driver_50read50write0delete_4worker_16container_4096object_512KB_180sec_20151123062956,1,30,4,4,50,50,16,4096,0,51.314722222222215
1mon8osd_1driver_100read0write0delete_1worker_16container_4096object_512KB_180sec_20151124010347,1,8,1,1,100,0,16,4096,0,35.828611111111115
1mon8osd_2driver_50read50write0delete_16worker_16container_4096object_512KB_180sec_20151124050916,1,8,2,16,50,50,16,4096,0,78.2238888888889
1mon20osd_4driver_25read75write0delete_4worker_16container_4096object_512KB_180sec_20151123141320,1,20,4,4,25,75,16,4096,0,20.083888888888886
1mon20osd_1driver_100read0write0delete_4worker_16container_4096object_512KB_180sec_20151123101954,1,20,1,4,100,0,16,4096,0,103.87583333333335
1mon4osd_4driver_75read25write0delete_32worker_16container_4096object_512KB_180sec_20151124212254,1,4,4,32,75,25,16,4096,0,178.76722222222222
1mon8osd_1driver_90read10write0delete_2worker_16container_4096object_512KB_180sec_20151124014022,1,8,1,2,90,10,16,4096,0,72.17472222222221
1mon4osd_2driver_100read0write0delete_8worker_16container_4096object_512KB_180sec_20151124182610,1,4,2,8,100,0,16,4096,0,246.91500000000002
1mon10osd_1driver_50read50write0delete_1worker_16container_4096object_512KB_180sec_20151123181236,1,10,1,1,50,50,16,4096,0,17.31972222222222
1mon10osd_4driver_10read90write0delete_8worker_16container_4096object_512KB_180sec_20151123232521,1,10,4,8,10,90,16,4096,0,9.472222222222223
1mon6osd_2driver_75read25write0delete_16worker_16container_4096object_512KB_180sec_20151124120803,1,6,2,16,75,25,16,4096,0,200.76444444444442
